pair_ID,entailment_judgment
6,NEUTRAL
7,NEUTRAL
8,NEUTRAL
10,NEUTRAL
11,NEUTRAL
13,NEUTRAL
15,NEUTRAL
16,NEUTRAL
17,NEUTRAL
19,NEUTRAL
20,NEUTRAL
21,NEUTRAL
22,NEUTRAL
23,CONTRADICTION
27,CONTRADICTION
29,NEUTRAL
31,CONTRADICTION
32,NEUTRAL
33,ENTAILMENT
34,ENTAILMENT
36,NEUTRAL
37,ENTAILMENT
38,CONTRADICTION
39,NEUTRAL
41,NEUTRAL
43,NEUTRAL
46,NEUTRAL
48,ENTAILMENT
50,NEUTRAL
51,NEUTRAL
52,ENTAILMENT
53,NEUTRAL
54,NEUTRAL
57,ENTAILMENT
59,NEUTRAL
60,NEUTRAL
61,NEUTRAL
63,NEUTRAL
64,NEUTRAL
66,NEUTRAL
67,CONTRADICTION
68,NEUTRAL
69,CONTRADICTION
71,CONTRADICTION
74,NEUTRAL
75,NEUTRAL
76,NEUTRAL
80,NEUTRAL
86,NEUTRAL
89,NEUTRAL
92,NEUTRAL
95,ENTAILMENT
96,CONTRADICTION
101,NEUTRAL
102,ENTAILMENT
103,NEUTRAL
104,NEUTRAL
106,NEUTRAL
108,NEUTRAL
109,NEUTRAL
110,NEUTRAL
111,ENTAILMENT
114,NEUTRAL
115,NEUTRAL
118,NEUTRAL
121,NEUTRAL
123,NEUTRAL
125,NEUTRAL
128,NEUTRAL
132,NEUTRAL
134,NEUTRAL
135,NEUTRAL
137,ENTAILMENT
138,NEUTRAL
142,ENTAILMENT
143,NEUTRAL
144,ENTAILMENT
145,CONTRADICTION
147,NEUTRAL
149,NEUTRAL
151,NEUTRAL
152,CONTRADICTION
153,NEUTRAL
154,CONTRADICTION
155,ENTAILMENT
156,CONTRADICTION
157,ENTAILMENT
158,NEUTRAL
160,NEUTRAL
162,NEUTRAL
165,NEUTRAL
166,ENTAILMENT
167,NEUTRAL
168,NEUTRAL
169,NEUTRAL
171,NEUTRAL
172,NEUTRAL
174,ENTAILMENT
175,NEUTRAL
177,NEUTRAL
178,NEUTRAL
179,NEUTRAL
180,NEUTRAL
181,NEUTRAL
182,NEUTRAL
187,NEUTRAL
189,NEUTRAL
190,NEUTRAL
191,ENTAILMENT
193,ENTAILMENT
195,NEUTRAL
196,CONTRADICTION
198,CONTRADICTION
199,NEUTRAL
203,NEUTRAL
204,NEUTRAL
206,NEUTRAL
207,CONTRADICTION
208,NEUTRAL
209,NEUTRAL
210,CONTRADICTION
212,NEUTRAL
213,NEUTRAL
214,NEUTRAL
220,NEUTRAL
221,NEUTRAL
222,NEUTRAL
229,NEUTRAL
230,CONTRADICTION
231,NEUTRAL
235,NEUTRAL
239,NEUTRAL
242,NEUTRAL
243,NEUTRAL
244,NEUTRAL
245,NEUTRAL
246,NEUTRAL
247,NEUTRAL
250,NEUTRAL
251,NEUTRAL
252,NEUTRAL
255,NEUTRAL
261,ENTAILMENT
262,NEUTRAL
263,NEUTRAL
264,ENTAILMENT
267,ENTAILMENT
268,NEUTRAL
270,NEUTRAL
271,ENTAILMENT
274,NEUTRAL
275,NEUTRAL
278,NEUTRAL
281,NEUTRAL
282,NEUTRAL
284,NEUTRAL
288,NEUTRAL
290,NEUTRAL
292,NEUTRAL
294,NEUTRAL
295,ENTAILMENT
297,NEUTRAL
298,NEUTRAL
299,NEUTRAL
300,NEUTRAL
306,NEUTRAL
307,NEUTRAL
308,NEUTRAL
314,NEUTRAL
316,ENTAILMENT
318,ENTAILMENT
319,NEUTRAL
320,NEUTRAL
321,NEUTRAL
322,NEUTRAL
324,NEUTRAL
325,CONTRADICTION
326,NEUTRAL
328,NEUTRAL
330,NEUTRAL
334,NEUTRAL
336,ENTAILMENT
337,ENTAILMENT
343,NEUTRAL
345,NEUTRAL
348,CONTRADICTION
349,NEUTRAL
350,NEUTRAL
352,NEUTRAL
353,NEUTRAL
355,CONTRADICTION
356,ENTAILMENT
357,CONTRADICTION
359,NEUTRAL
364,NEUTRAL
365,NEUTRAL
368,ENTAILMENT
369,CONTRADICTION
371,NEUTRAL
376,ENTAILMENT
383,NEUTRAL
385,NEUTRAL
386,NEUTRAL
388,NEUTRAL
389,NEUTRAL
399,CONTRADICTION
400,NEUTRAL
401,ENTAILMENT
405,NEUTRAL
406,ENTAILMENT
407,NEUTRAL
408,ENTAILMENT
411,ENTAILMENT
412,NEUTRAL
414,NEUTRAL
416,ENTAILMENT
418,ENTAILMENT
419,NEUTRAL
420,NEUTRAL
421,NEUTRAL
424,NEUTRAL
425,NEUTRAL
426,NEUTRAL
429,NEUTRAL
430,NEUTRAL
431,NEUTRAL
432,ENTAILMENT
433,NEUTRAL
437,NEUTRAL
443,NEUTRAL
444,NEUTRAL
445,NEUTRAL
448,NEUTRAL
452,NEUTRAL
453,NEUTRAL
455,NEUTRAL
456,NEUTRAL
458,CONTRADICTION
459,NEUTRAL
460,CONTRADICTION
463,NEUTRAL
464,NEUTRAL
466,NEUTRAL
467,NEUTRAL
468,NEUTRAL
469,NEUTRAL
471,NEUTRAL
472,NEUTRAL
474,CONTRADICTION
478,CONTRADICTION
479,NEUTRAL
480,NEUTRAL
481,NEUTRAL
482,NEUTRAL
483,NEUTRAL
487,NEUTRAL
488,NEUTRAL
490,NEUTRAL
492,CONTRADICTION
493,NEUTRAL
495,NEUTRAL
498,NEUTRAL
501,NEUTRAL
502,NEUTRAL
503,NEUTRAL
504,NEUTRAL
509,CONTRADICTION
510,CONTRADICTION
511,NEUTRAL
512,CONTRADICTION
517,NEUTRAL
518,NEUTRAL
519,NEUTRAL
521,NEUTRAL
523,CONTRADICTION
525,ENTAILMENT
532,NEUTRAL
533,NEUTRAL
534,ENTAILMENT
536,NEUTRAL
537,NEUTRAL
539,NEUTRAL
540,NEUTRAL
543,NEUTRAL
544,NEUTRAL
546,NEUTRAL
547,NEUTRAL
549,NEUTRAL
553,ENTAILMENT
554,ENTAILMENT
558,NEUTRAL
559,ENTAILMENT
562,NEUTRAL
563,ENTAILMENT
566,ENTAILMENT
567,NEUTRAL
569,NEUTRAL
571,CONTRADICTION
572,ENTAILMENT
573,NEUTRAL
574,CONTRADICTION
575,NEUTRAL
576,NEUTRAL
577,NEUTRAL
578,NEUTRAL
579,NEUTRAL
580,NEUTRAL
582,ENTAILMENT
583,ENTAILMENT
584,CONTRADICTION
585,NEUTRAL
589,ENTAILMENT
590,ENTAILMENT
591,NEUTRAL
593,NEUTRAL
594,NEUTRAL
595,NEUTRAL
596,NEUTRAL
598,NEUTRAL
600,NEUTRAL
602,CONTRADICTION
607,CONTRADICTION
608,NEUTRAL
610,ENTAILMENT
612,NEUTRAL
613,NEUTRAL
614,NEUTRAL
615,NEUTRAL
616,NEUTRAL
618,NEUTRAL
620,NEUTRAL
623,NEUTRAL
624,NEUTRAL
627,ENTAILMENT
633,NEUTRAL
635,ENTAILMENT
636,NEUTRAL
639,NEUTRAL
640,NEUTRAL
642,ENTAILMENT
644,NEUTRAL
652,ENTAILMENT
654,NEUTRAL
656,ENTAILMENT
658,ENTAILMENT
659,ENTAILMENT
662,NEUTRAL
664,ENTAILMENT
665,NEUTRAL
666,NEUTRAL
667,NEUTRAL
669,NEUTRAL
670,NEUTRAL
673,NEUTRAL
674,NEUTRAL
675,NEUTRAL
677,NEUTRAL
681,NEUTRAL
682,ENTAILMENT
683,CONTRADICTION
684,ENTAILMENT
686,NEUTRAL
688,NEUTRAL
694,NEUTRAL
695,NEUTRAL
700,NEUTRAL
701,NEUTRAL
705,NEUTRAL
706,CONTRADICTION
707,NEUTRAL
708,CONTRADICTION
710,NEUTRAL
711,NEUTRAL
712,ENTAILMENT
713,NEUTRAL
714,NEUTRAL
716,NEUTRAL
719,NEUTRAL
720,NEUTRAL
721,NEUTRAL
724,NEUTRAL
726,NEUTRAL
739,NEUTRAL
740,NEUTRAL
742,NEUTRAL
743,NEUTRAL
744,NEUTRAL
750,ENTAILMENT
751,NEUTRAL
753,CONTRADICTION
755,CONTRADICTION
756,NEUTRAL
758,NEUTRAL
763,ENTAILMENT
767,ENTAILMENT
770,NEUTRAL
771,ENTAILMENT
773,NEUTRAL
775,NEUTRAL
776,NEUTRAL
778,NEUTRAL
779,NEUTRAL
781,NEUTRAL
782,CONTRADICTION
786,NEUTRAL
787,ENTAILMENT
788,NEUTRAL
790,ENTAILMENT
794,ENTAILMENT
795,NEUTRAL
798,NEUTRAL
800,NEUTRAL
801,NEUTRAL
803,NEUTRAL
805,NEUTRAL
806,NEUTRAL
807,ENTAILMENT
808,NEUTRAL
809,NEUTRAL
810,NEUTRAL
814,NEUTRAL
815,NEUTRAL
817,NEUTRAL
818,NEUTRAL
819,CONTRADICTION
821,NEUTRAL
823,ENTAILMENT
826,NEUTRAL
828,CONTRADICTION
829,ENTAILMENT
832,ENTAILMENT
833,NEUTRAL
834,CONTRADICTION
835,NEUTRAL
837,CONTRADICTION
838,NEUTRAL
840,ENTAILMENT
842,NEUTRAL
843,ENTAILMENT
847,NEUTRAL
849,NEUTRAL
850,NEUTRAL
853,NEUTRAL
854,CONTRADICTION
856,ENTAILMENT
861,CONTRADICTION
863,NEUTRAL
865,CONTRADICTION
871,NEUTRAL
875,NEUTRAL
877,NEUTRAL
884,NEUTRAL
885,NEUTRAL
886,NEUTRAL
890,ENTAILMENT
891,CONTRADICTION
894,ENTAILMENT
896,NEUTRAL
897,CONTRADICTION
900,NEUTRAL
901,ENTAILMENT
903,ENTAILMENT
905,ENTAILMENT
907,NEUTRAL
911,NEUTRAL
912,NEUTRAL
914,NEUTRAL
916,NEUTRAL
918,NEUTRAL
919,NEUTRAL
921,CONTRADICTION
923,NEUTRAL
924,NEUTRAL
925,NEUTRAL
926,NEUTRAL
928,ENTAILMENT
929,NEUTRAL
930,NEUTRAL
934,ENTAILMENT
937,NEUTRAL
938,NEUTRAL
939,NEUTRAL
941,NEUTRAL
942,ENTAILMENT
946,NEUTRAL
951,ENTAILMENT
952,NEUTRAL
954,NEUTRAL
955,NEUTRAL
958,ENTAILMENT
964,NEUTRAL
965,NEUTRAL
966,NEUTRAL
968,NEUTRAL
969,NEUTRAL
971,NEUTRAL
972,NEUTRAL
974,NEUTRAL
976,NEUTRAL
977,NEUTRAL
981,NEUTRAL
982,NEUTRAL
983,NEUTRAL
986,NEUTRAL
990,ENTAILMENT
992,ENTAILMENT
993,ENTAILMENT
995,NEUTRAL
997,ENTAILMENT
999,NEUTRAL
1001,ENTAILMENT
1003,ENTAILMENT
1005,NEUTRAL
1006,NEUTRAL
1011,ENTAILMENT
1012,NEUTRAL
1013,NEUTRAL
1014,ENTAILMENT
1015,NEUTRAL
1017,ENTAILMENT
1020,NEUTRAL
1023,NEUTRAL
1024,NEUTRAL
1025,ENTAILMENT
1027,NEUTRAL
1030,NEUTRAL
1032,NEUTRAL
1034,ENTAILMENT
1035,ENTAILMENT
1036,CONTRADICTION
1040,NEUTRAL
1041,ENTAILMENT
1042,NEUTRAL
1051,NEUTRAL
1056,NEUTRAL
1058,ENTAILMENT
1059,NEUTRAL
1060,NEUTRAL
1062,CONTRADICTION
1063,NEUTRAL
1066,NEUTRAL
1067,ENTAILMENT
1070,ENTAILMENT
1071,NEUTRAL
1072,NEUTRAL
1073,NEUTRAL
1075,NEUTRAL
1077,NEUTRAL
1078,NEUTRAL
1079,ENTAILMENT
1081,ENTAILMENT
1085,ENTAILMENT
1086,NEUTRAL
1089,NEUTRAL
1098,NEUTRAL
1100,NEUTRAL
1101,NEUTRAL
1103,NEUTRAL
1106,NEUTRAL
1107,NEUTRAL
1110,CONTRADICTION
1113,NEUTRAL
1114,NEUTRAL
1116,NEUTRAL
1121,NEUTRAL
1123,ENTAILMENT
1124,CONTRADICTION
1126,NEUTRAL
1127,NEUTRAL
1130,CONTRADICTION
1131,NEUTRAL
1132,NEUTRAL
1134,NEUTRAL
1136,NEUTRAL
1138,NEUTRAL
1139,NEUTRAL
1140,CONTRADICTION
1141,NEUTRAL
1142,CONTRADICTION
1143,NEUTRAL
1144,CONTRADICTION
1146,NEUTRAL
1148,NEUTRAL
1150,NEUTRAL
1151,NEUTRAL
1152,ENTAILMENT
1156,NEUTRAL
1158,ENTAILMENT
1159,NEUTRAL
1160,NEUTRAL
1163,ENTAILMENT
1164,NEUTRAL
1166,NEUTRAL
1168,NEUTRAL
1171,NEUTRAL
1172,ENTAILMENT
1173,CONTRADICTION
1174,NEUTRAL
1176,NEUTRAL
1181,NEUTRAL
1183,NEUTRAL
1185,NEUTRAL
1186,NEUTRAL
1187,NEUTRAL
1189,NEUTRAL
1197,NEUTRAL
1198,NEUTRAL
1199,ENTAILMENT
1201,NEUTRAL
1203,CONTRADICTION
1204,NEUTRAL
1208,NEUTRAL
1209,NEUTRAL
1210,NEUTRAL
1211,NEUTRAL
1216,NEUTRAL
1217,NEUTRAL
1218,NEUTRAL
1220,CONTRADICTION
1223,NEUTRAL
1224,NEUTRAL
1225,CONTRADICTION
1226,NEUTRAL
1229,NEUTRAL
1231,NEUTRAL
1233,NEUTRAL
1234,CONTRADICTION
1235,NEUTRAL
1238,NEUTRAL
1243,CONTRADICTION
1245,NEUTRAL
1247,CONTRADICTION
1250,NEUTRAL
1252,NEUTRAL
1253,NEUTRAL
1254,NEUTRAL
1256,ENTAILMENT
1257,ENTAILMENT
1258,CONTRADICTION
1260,NEUTRAL
1261,NEUTRAL
1262,ENTAILMENT
1263,CONTRADICTION
1264,NEUTRAL
1265,NEUTRAL
1267,CONTRADICTION
1269,NEUTRAL
1272,NEUTRAL
1277,NEUTRAL
1278,NEUTRAL
1279,NEUTRAL
1281,NEUTRAL
1285,NEUTRAL
1286,NEUTRAL
1288,CONTRADICTION
1289,NEUTRAL
1290,NEUTRAL
1295,NEUTRAL
1296,ENTAILMENT
1298,ENTAILMENT
1299,NEUTRAL
1300,NEUTRAL
1301,NEUTRAL
1304,NEUTRAL
1306,NEUTRAL
1307,NEUTRAL
1309,ENTAILMENT
1310,CONTRADICTION
1312,CONTRADICTION
1313,NEUTRAL
1314,CONTRADICTION
1315,NEUTRAL
1316,CONTRADICTION
1320,NEUTRAL
1322,CONTRADICTION
1323,NEUTRAL
1324,ENTAILMENT
1325,NEUTRAL
1327,NEUTRAL
1330,NEUTRAL
1331,NEUTRAL
1332,NEUTRAL
1334,NEUTRAL
1337,NEUTRAL
1338,CONTRADICTION
1339,NEUTRAL
1340,NEUTRAL
1343,NEUTRAL
1347,CONTRADICTION
1348,NEUTRAL
1349,ENTAILMENT
1351,NEUTRAL
1353,ENTAILMENT
1356,CONTRADICTION
1357,ENTAILMENT
1360,ENTAILMENT
1362,NEUTRAL
1363,CONTRADICTION
1364,ENTAILMENT
1366,NEUTRAL
1367,ENTAILMENT
1369,ENTAILMENT
1370,CONTRADICTION
1374,CONTRADICTION
1375,ENTAILMENT
1377,CONTRADICTION
1382,NEUTRAL
1383,NEUTRAL
1391,NEUTRAL
1392,CONTRADICTION
1393,NEUTRAL
1394,NEUTRAL
1395,NEUTRAL
1397,NEUTRAL
1398,NEUTRAL
1401,NEUTRAL
1402,NEUTRAL
1406,NEUTRAL
1411,ENTAILMENT
1413,NEUTRAL
1416,NEUTRAL
1418,ENTAILMENT
1420,NEUTRAL
1422,NEUTRAL
1423,NEUTRAL
1424,NEUTRAL
1425,NEUTRAL
1426,NEUTRAL
1428,NEUTRAL
1430,NEUTRAL
1433,CONTRADICTION
1436,NEUTRAL
1437,NEUTRAL
1439,NEUTRAL
1440,NEUTRAL
1441,NEUTRAL
1442,NEUTRAL
1445,NEUTRAL
1447,NEUTRAL
1449,NEUTRAL
1450,NEUTRAL
1451,NEUTRAL
1452,NEUTRAL
1454,NEUTRAL
1456,NEUTRAL
1457,NEUTRAL
1459,NEUTRAL
1460,NEUTRAL
1462,NEUTRAL
1465,NEUTRAL
1468,NEUTRAL
1471,CONTRADICTION
1472,NEUTRAL
1475,NEUTRAL
1477,ENTAILMENT
1478,CONTRADICTION
1485,CONTRADICTION
1490,ENTAILMENT
1491,CONTRADICTION
1492,NEUTRAL
1496,CONTRADICTION
1497,ENTAILMENT
1500,NEUTRAL
1502,NEUTRAL
1507,NEUTRAL
1508,NEUTRAL
1510,NEUTRAL
1512,NEUTRAL
1515,NEUTRAL
1516,NEUTRAL
1518,NEUTRAL
1520,NEUTRAL
1522,NEUTRAL
1526,NEUTRAL
1528,NEUTRAL
1529,NEUTRAL
1530,NEUTRAL
1533,ENTAILMENT
1537,NEUTRAL
1539,CONTRADICTION
1540,NEUTRAL
1542,ENTAILMENT
1543,CONTRADICTION
1544,NEUTRAL
1546,NEUTRAL
1548,NEUTRAL
1554,CONTRADICTION
1555,ENTAILMENT
1556,NEUTRAL
1560,NEUTRAL
1561,NEUTRAL
1562,NEUTRAL
1564,NEUTRAL
1567,NEUTRAL
1568,NEUTRAL
1569,NEUTRAL
1571,NEUTRAL
1572,NEUTRAL
1577,NEUTRAL
1578,NEUTRAL
1579,CONTRADICTION
1581,CONTRADICTION
1583,CONTRADICTION
1589,NEUTRAL
1590,NEUTRAL
1593,ENTAILMENT
1594,CONTRADICTION
1596,ENTAILMENT
1597,NEUTRAL
1598,NEUTRAL
1600,NEUTRAL
1602,NEUTRAL
1603,NEUTRAL
1605,NEUTRAL
1611,CONTRADICTION
1613,CONTRADICTION
1616,NEUTRAL
1617,ENTAILMENT
1619,ENTAILMENT
1620,NEUTRAL
1622,NEUTRAL
1623,CONTRADICTION
1624,NEUTRAL
1630,ENTAILMENT
1633,ENTAILMENT
1634,CONTRADICTION
1636,NEUTRAL
1637,NEUTRAL
1638,NEUTRAL
1642,NEUTRAL
1644,CONTRADICTION
1645,NEUTRAL
1654,CONTRADICTION
1656,ENTAILMENT
1658,NEUTRAL
1662,NEUTRAL
1664,NEUTRAL
1665,NEUTRAL
1666,NEUTRAL
1667,NEUTRAL
1672,NEUTRAL
1674,NEUTRAL
1678,CONTRADICTION
1679,NEUTRAL
1681,CONTRADICTION
1683,ENTAILMENT
1684,CONTRADICTION
1685,ENTAILMENT
1686,ENTAILMENT
1688,NEUTRAL
1689,ENTAILMENT
1692,NEUTRAL
1693,NEUTRAL
1695,NEUTRAL
1696,ENTAILMENT
1698,ENTAILMENT
1699,NEUTRAL
1701,NEUTRAL
1704,NEUTRAL
1709,NEUTRAL
1710,NEUTRAL
1713,NEUTRAL
1717,ENTAILMENT
1718,CONTRADICTION
1720,CONTRADICTION
1722,NEUTRAL
1725,ENTAILMENT
1726,CONTRADICTION
1727,NEUTRAL
1728,NEUTRAL
1730,NEUTRAL
1731,ENTAILMENT
1732,CONTRADICTION
1734,ENTAILMENT
1735,CONTRADICTION
1737,CONTRADICTION
1738,NEUTRAL
1739,CONTRADICTION
1740,NEUTRAL
1742,ENTAILMENT
1743,ENTAILMENT
1744,CONTRADICTION
1745,ENTAILMENT
1746,ENTAILMENT
1748,ENTAILMENT
1749,ENTAILMENT
1750,ENTAILMENT
1752,NEUTRAL
1758,CONTRADICTION
1760,CONTRADICTION
1761,NEUTRAL
1762,ENTAILMENT
1763,NEUTRAL
1764,ENTAILMENT
1767,NEUTRAL
1768,NEUTRAL
1769,NEUTRAL
1770,NEUTRAL
1774,NEUTRAL
1775,NEUTRAL
1778,NEUTRAL
1779,NEUTRAL
1785,NEUTRAL
1786,NEUTRAL
1788,NEUTRAL
1790,CONTRADICTION
1793,CONTRADICTION
1794,CONTRADICTION
1795,ENTAILMENT
1796,ENTAILMENT
1797,NEUTRAL
1799,CONTRADICTION
1800,NEUTRAL
1801,ENTAILMENT
1802,NEUTRAL
1803,CONTRADICTION
1804,NEUTRAL
1805,NEUTRAL
1806,NEUTRAL
1810,NEUTRAL
1813,NEUTRAL
1816,NEUTRAL
1817,CONTRADICTION
1819,NEUTRAL
1821,ENTAILMENT
1824,NEUTRAL
1826,NEUTRAL
1827,NEUTRAL
1828,NEUTRAL
1831,ENTAILMENT
1833,CONTRADICTION
1834,NEUTRAL
1835,ENTAILMENT
1836,NEUTRAL
1837,ENTAILMENT
1838,NEUTRAL
1843,CONTRADICTION
1845,NEUTRAL
1848,NEUTRAL
1850,ENTAILMENT
1855,NEUTRAL
1856,NEUTRAL
1857,CONTRADICTION
1858,NEUTRAL
1859,ENTAILMENT
1860,NEUTRAL
1862,NEUTRAL
1863,CONTRADICTION
1864,NEUTRAL
1865,NEUTRAL
1867,NEUTRAL
1868,ENTAILMENT
1870,NEUTRAL
1871,NEUTRAL
1872,NEUTRAL
1875,NEUTRAL
1880,ENTAILMENT
1883,NEUTRAL
1885,ENTAILMENT
1889,NEUTRAL
1890,NEUTRAL
1891,NEUTRAL
1893,ENTAILMENT
1895,CONTRADICTION
1896,ENTAILMENT
1899,NEUTRAL
1901,CONTRADICTION
1902,NEUTRAL
1903,NEUTRAL
1905,ENTAILMENT
1906,NEUTRAL
1911,NEUTRAL
1913,NEUTRAL
1914,NEUTRAL
1915,ENTAILMENT
1916,CONTRADICTION
1917,ENTAILMENT
1920,NEUTRAL
1922,NEUTRAL
1923,NEUTRAL
1924,NEUTRAL
1925,ENTAILMENT
1926,CONTRADICTION
1928,NEUTRAL
1929,CONTRADICTION
1930,NEUTRAL
1931,NEUTRAL
1932,NEUTRAL
1933,NEUTRAL
1937,NEUTRAL
1938,NEUTRAL
1941,NEUTRAL
1945,CONTRADICTION
1947,NEUTRAL
1950,NEUTRAL
1951,CONTRADICTION
1953,NEUTRAL
1956,NEUTRAL
1957,NEUTRAL
1958,NEUTRAL
1959,NEUTRAL
1960,NEUTRAL
1962,NEUTRAL
1965,CONTRADICTION
1966,NEUTRAL
1968,CONTRADICTION
1971,CONTRADICTION
1973,ENTAILMENT
1976,ENTAILMENT
1977,ENTAILMENT
1979,NEUTRAL
1980,NEUTRAL
1982,NEUTRAL
1983,NEUTRAL
1985,CONTRADICTION
1986,NEUTRAL
1990,NEUTRAL
1995,CONTRADICTION
1997,ENTAILMENT
1998,CONTRADICTION
2002,ENTAILMENT
2003,NEUTRAL
2010,NEUTRAL
2013,NEUTRAL
2017,NEUTRAL
2021,NEUTRAL
2022,NEUTRAL
2026,NEUTRAL
2028,NEUTRAL
2031,CONTRADICTION
2032,CONTRADICTION
2033,NEUTRAL
2034,CONTRADICTION
2036,ENTAILMENT
2039,ENTAILMENT
2042,NEUTRAL
2043,NEUTRAL
2044,CONTRADICTION
2046,NEUTRAL
2048,ENTAILMENT
2050,CONTRADICTION
2053,NEUTRAL
2054,ENTAILMENT
2057,CONTRADICTION
2060,NEUTRAL
2062,NEUTRAL
2063,ENTAILMENT
2065,NEUTRAL
2069,ENTAILMENT
2071,NEUTRAL
2074,NEUTRAL
2077,NEUTRAL
2083,NEUTRAL
2085,ENTAILMENT
2093,NEUTRAL
2095,NEUTRAL
2099,NEUTRAL
2101,NEUTRAL
2106,NEUTRAL
2108,NEUTRAL
2110,NEUTRAL
2111,CONTRADICTION
2114,NEUTRAL
2116,NEUTRAL
2120,NEUTRAL
2126,NEUTRAL
2127,ENTAILMENT
2128,CONTRADICTION
2129,NEUTRAL
2131,NEUTRAL
2133,ENTAILMENT
2134,NEUTRAL
2135,NEUTRAL
2137,CONTRADICTION
2138,NEUTRAL
2140,CONTRADICTION
2142,ENTAILMENT
2143,CONTRADICTION
2147,NEUTRAL
2149,NEUTRAL
2151,NEUTRAL
2152,ENTAILMENT
2154,ENTAILMENT
2155,NEUTRAL
2156,NEUTRAL
2158,NEUTRAL
2159,ENTAILMENT
2160,ENTAILMENT
2161,NEUTRAL
2168,NEUTRAL
2169,ENTAILMENT
2173,NEUTRAL
2174,ENTAILMENT
2177,CONTRADICTION
2178,NEUTRAL
2182,NEUTRAL
2185,CONTRADICTION
2186,NEUTRAL
2187,NEUTRAL
2189,NEUTRAL
2190,NEUTRAL
2191,NEUTRAL
2193,NEUTRAL
2194,ENTAILMENT
2197,CONTRADICTION
2200,NEUTRAL
2201,NEUTRAL
2204,NEUTRAL
2206,ENTAILMENT
2209,NEUTRAL
2211,NEUTRAL
2214,NEUTRAL
2216,NEUTRAL
2219,CONTRADICTION
2220,ENTAILMENT
2223,ENTAILMENT
2224,ENTAILMENT
2225,ENTAILMENT
2227,CONTRADICTION
2230,ENTAILMENT
2237,ENTAILMENT
2241,NEUTRAL
2244,NEUTRAL
2245,NEUTRAL
2246,ENTAILMENT
2248,ENTAILMENT
2249,CONTRADICTION
2254,ENTAILMENT
2255,NEUTRAL
2256,NEUTRAL
2257,ENTAILMENT
2258,CONTRADICTION
2262,NEUTRAL
2265,CONTRADICTION
2267,CONTRADICTION
2268,ENTAILMENT
2269,CONTRADICTION
2270,ENTAILMENT
2271,CONTRADICTION
2273,NEUTRAL
2276,ENTAILMENT
2278,NEUTRAL
2279,ENTAILMENT
2280,ENTAILMENT
2283,CONTRADICTION
2285,CONTRADICTION
2290,NEUTRAL
2292,CONTRADICTION
2293,NEUTRAL
2294,NEUTRAL
2295,NEUTRAL
2296,NEUTRAL
2298,CONTRADICTION
2300,NEUTRAL
2301,NEUTRAL
2306,ENTAILMENT
2312,NEUTRAL
2313,CONTRADICTION
2320,NEUTRAL
2321,NEUTRAL
2323,NEUTRAL
2324,NEUTRAL
2325,NEUTRAL
2326,CONTRADICTION
2328,NEUTRAL
2331,NEUTRAL
2335,NEUTRAL
2336,NEUTRAL
2337,NEUTRAL
2342,NEUTRAL
2343,ENTAILMENT
2345,NEUTRAL
2346,NEUTRAL
2347,NEUTRAL
2349,NEUTRAL
2353,NEUTRAL
2354,ENTAILMENT
2355,NEUTRAL
2356,NEUTRAL
2357,NEUTRAL
2361,CONTRADICTION
2367,NEUTRAL
2370,ENTAILMENT
2371,CONTRADICTION
2372,ENTAILMENT
2373,CONTRADICTION
2376,NEUTRAL
2378,NEUTRAL
2379,NEUTRAL
2380,CONTRADICTION
2382,CONTRADICTION
2384,NEUTRAL
2387,NEUTRAL
2389,ENTAILMENT
2390,CONTRADICTION
2393,NEUTRAL
2394,NEUTRAL
2395,NEUTRAL
2396,ENTAILMENT
2398,CONTRADICTION
2399,NEUTRAL
2403,NEUTRAL
2406,NEUTRAL
2408,NEUTRAL
2411,CONTRADICTION
2412,NEUTRAL
2416,CONTRADICTION
2417,NEUTRAL
2418,NEUTRAL
2419,NEUTRAL
2420,NEUTRAL
2421,NEUTRAL
2424,NEUTRAL
2425,NEUTRAL
2427,NEUTRAL
2428,NEUTRAL
2432,NEUTRAL
2433,NEUTRAL
2434,NEUTRAL
2435,ENTAILMENT
2437,NEUTRAL
2439,CONTRADICTION
2442,ENTAILMENT
2443,NEUTRAL
2444,ENTAILMENT
2446,NEUTRAL
2448,NEUTRAL
2449,NEUTRAL
2451,NEUTRAL
2452,NEUTRAL
2453,ENTAILMENT
2454,NEUTRAL
2460,NEUTRAL
2461,NEUTRAL
2462,CONTRADICTION
2463,NEUTRAL
2464,CONTRADICTION
2468,ENTAILMENT
2469,NEUTRAL
2470,ENTAILMENT
2471,ENTAILMENT
2473,ENTAILMENT
2475,ENTAILMENT
2477,NEUTRAL
2478,NEUTRAL
2479,ENTAILMENT
2480,CONTRADICTION
2481,NEUTRAL
2482,NEUTRAL
2483,NEUTRAL
2484,NEUTRAL
2487,NEUTRAL
2489,NEUTRAL
2490,NEUTRAL
2492,NEUTRAL
2493,NEUTRAL
2498,NEUTRAL
2501,CONTRADICTION
2502,NEUTRAL
2503,NEUTRAL
2504,NEUTRAL
2507,NEUTRAL
2511,ENTAILMENT
2512,NEUTRAL
2513,ENTAILMENT
2516,ENTAILMENT
2517,NEUTRAL
2519,NEUTRAL
2520,NEUTRAL
2522,NEUTRAL
2523,CONTRADICTION
2524,NEUTRAL
2526,CONTRADICTION
2528,ENTAILMENT
2531,NEUTRAL
2532,ENTAILMENT
2533,NEUTRAL
2534,ENTAILMENT
2536,ENTAILMENT
2537,NEUTRAL
2541,NEUTRAL
2542,CONTRADICTION
2546,NEUTRAL
2547,CONTRADICTION
2548,NEUTRAL
2550,NEUTRAL
2552,NEUTRAL
2556,NEUTRAL
2558,NEUTRAL
2559,NEUTRAL
2560,NEUTRAL
2562,ENTAILMENT
2563,ENTAILMENT
2564,ENTAILMENT
2565,CONTRADICTION
2567,NEUTRAL
2568,ENTAILMENT
2570,NEUTRAL
2571,CONTRADICTION
2573,NEUTRAL
2575,ENTAILMENT
2576,CONTRADICTION
2580,CONTRADICTION
2581,ENTAILMENT
2584,NEUTRAL
2585,NEUTRAL
2586,NEUTRAL
2587,CONTRADICTION
2595,NEUTRAL
2598,NEUTRAL
2600,ENTAILMENT
2603,CONTRADICTION
2605,CONTRADICTION
2607,ENTAILMENT
2609,ENTAILMENT
2610,ENTAILMENT
2611,CONTRADICTION
2612,NEUTRAL
2613,NEUTRAL
2614,CONTRADICTION
2616,NEUTRAL
2617,NEUTRAL
2618,NEUTRAL
2620,CONTRADICTION
2621,NEUTRAL
2624,NEUTRAL
2629,ENTAILMENT
2631,NEUTRAL
2633,NEUTRAL
2635,NEUTRAL
2639,NEUTRAL
2641,NEUTRAL
2642,NEUTRAL
2644,NEUTRAL
2645,NEUTRAL
2646,ENTAILMENT
2647,CONTRADICTION
2648,ENTAILMENT
2649,NEUTRAL
2652,NEUTRAL
2653,ENTAILMENT
2658,ENTAILMENT
2659,CONTRADICTION
2661,ENTAILMENT
2663,NEUTRAL
2665,ENTAILMENT
2667,NEUTRAL
2669,ENTAILMENT
2671,NEUTRAL
2674,NEUTRAL
2676,ENTAILMENT
2677,ENTAILMENT
2681,NEUTRAL
2683,NEUTRAL
2685,NEUTRAL
2686,NEUTRAL
2690,NEUTRAL
2693,NEUTRAL
2694,NEUTRAL
2695,ENTAILMENT
2697,ENTAILMENT
2698,CONTRADICTION
2699,ENTAILMENT
2700,NEUTRAL
2706,ENTAILMENT
2717,CONTRADICTION
2719,NEUTRAL
2723,NEUTRAL
2725,NEUTRAL
2727,NEUTRAL
2729,NEUTRAL
2732,NEUTRAL
2733,ENTAILMENT
2736,CONTRADICTION
2737,ENTAILMENT
2740,NEUTRAL
2742,ENTAILMENT
2743,CONTRADICTION
2745,NEUTRAL
2746,NEUTRAL
2747,NEUTRAL
2749,CONTRADICTION
2750,ENTAILMENT
2753,NEUTRAL
2759,NEUTRAL
2760,NEUTRAL
2762,NEUTRAL
2767,NEUTRAL
2769,ENTAILMENT
2771,ENTAILMENT
2773,NEUTRAL
2780,NEUTRAL
2781,NEUTRAL
2782,NEUTRAL
2785,CONTRADICTION
2786,ENTAILMENT
2790,CONTRADICTION
2793,ENTAILMENT
2794,CONTRADICTION
2796,CONTRADICTION
2798,NEUTRAL
2801,CONTRADICTION
2804,NEUTRAL
2805,NEUTRAL
2806,NEUTRAL
2808,ENTAILMENT
2810,ENTAILMENT
2814,ENTAILMENT
2816,NEUTRAL
2819,NEUTRAL
2820,NEUTRAL
2823,NEUTRAL
2824,NEUTRAL
2825,NEUTRAL
2826,NEUTRAL
2830,CONTRADICTION
2831,ENTAILMENT
2832,CONTRADICTION
2833,ENTAILMENT
2834,CONTRADICTION
2835,ENTAILMENT
2836,NEUTRAL
2840,ENTAILMENT
2841,NEUTRAL
2843,CONTRADICTION
2846,CONTRADICTION
2847,ENTAILMENT
2848,CONTRADICTION
2849,ENTAILMENT
2852,CONTRADICTION
2855,CONTRADICTION
2858,NEUTRAL
2859,NEUTRAL
2866,NEUTRAL
2869,ENTAILMENT
2871,ENTAILMENT
2872,NEUTRAL
2873,CONTRADICTION
2876,ENTAILMENT
2877,CONTRADICTION
2878,NEUTRAL
2880,NEUTRAL
2882,NEUTRAL
2884,CONTRADICTION
2885,ENTAILMENT
2887,ENTAILMENT
2888,NEUTRAL
2889,NEUTRAL
2892,ENTAILMENT
2893,CONTRADICTION
2895,CONTRADICTION
2897,NEUTRAL
2901,ENTAILMENT
2902,NEUTRAL
2904,ENTAILMENT
2906,NEUTRAL
2912,NEUTRAL
2914,NEUTRAL
2921,ENTAILMENT
2922,CONTRADICTION
2923,ENTAILMENT
2925,ENTAILMENT
2928,ENTAILMENT
2929,CONTRADICTION
2931,CONTRADICTION
2934,NEUTRAL
2940,NEUTRAL
2942,NEUTRAL
2944,NEUTRAL
2946,ENTAILMENT
2947,ENTAILMENT
2948,NEUTRAL
2949,CONTRADICTION
2950,ENTAILMENT
2953,ENTAILMENT
2954,ENTAILMENT
2962,NEUTRAL
2963,NEUTRAL
2973,ENTAILMENT
2975,ENTAILMENT
2978,NEUTRAL
2979,NEUTRAL
2982,NEUTRAL
2985,NEUTRAL
2986,ENTAILMENT
2987,CONTRADICTION
2990,ENTAILMENT
2991,NEUTRAL
2993,CONTRADICTION
2999,ENTAILMENT
3000,CONTRADICTION
3001,ENTAILMENT
3003,NEUTRAL
3004,ENTAILMENT
3006,ENTAILMENT
3008,ENTAILMENT
3009,ENTAILMENT
3011,ENTAILMENT
3012,ENTAILMENT
3013,CONTRADICTION
3017,NEUTRAL
3020,NEUTRAL
3021,NEUTRAL
3023,NEUTRAL
3025,ENTAILMENT
3026,NEUTRAL
3028,NEUTRAL
3029,CONTRADICTION
3030,NEUTRAL
3032,NEUTRAL
3034,CONTRADICTION
3035,ENTAILMENT
3037,ENTAILMENT
3040,CONTRADICTION
3044,NEUTRAL
3045,NEUTRAL
3048,NEUTRAL
3051,NEUTRAL
3052,CONTRADICTION
3053,ENTAILMENT
3055,ENTAILMENT
3056,NEUTRAL
3057,NEUTRAL
3058,CONTRADICTION
3060,ENTAILMENT
3063,ENTAILMENT
3064,CONTRADICTION
3066,NEUTRAL
3067,ENTAILMENT
3070,ENTAILMENT
3074,ENTAILMENT
3075,ENTAILMENT
3076,ENTAILMENT
3077,ENTAILMENT
3078,CONTRADICTION
3080,ENTAILMENT
3082,NEUTRAL
3083,NEUTRAL
3084,NEUTRAL
3086,ENTAILMENT
3087,NEUTRAL
3088,NEUTRAL
3089,ENTAILMENT
3090,CONTRADICTION
3093,NEUTRAL
3095,ENTAILMENT
3096,CONTRADICTION
3099,CONTRADICTION
3101,NEUTRAL
3103,ENTAILMENT
3104,NEUTRAL
3106,NEUTRAL
3108,ENTAILMENT
3109,NEUTRAL
3112,ENTAILMENT
3113,ENTAILMENT
3115,ENTAILMENT
3116,CONTRADICTION
3117,NEUTRAL
3118,ENTAILMENT
3119,ENTAILMENT
3120,ENTAILMENT
3124,ENTAILMENT
3125,ENTAILMENT
3127,NEUTRAL
3128,NEUTRAL
3131,NEUTRAL
3133,NEUTRAL
3135,NEUTRAL
3136,NEUTRAL
3137,CONTRADICTION
3138,NEUTRAL
3139,ENTAILMENT
3141,ENTAILMENT
3142,NEUTRAL
3144,CONTRADICTION
3145,ENTAILMENT
3146,NEUTRAL
3147,NEUTRAL
3148,NEUTRAL
3149,NEUTRAL
3151,NEUTRAL
3152,NEUTRAL
3154,NEUTRAL
3155,NEUTRAL
3159,CONTRADICTION
3160,NEUTRAL
3163,NEUTRAL
3167,NEUTRAL
3168,NEUTRAL
3169,NEUTRAL
3171,ENTAILMENT
3172,CONTRADICTION
3173,NEUTRAL
3175,ENTAILMENT
3176,ENTAILMENT
3177,NEUTRAL
3178,ENTAILMENT
3179,CONTRADICTION
3180,ENTAILMENT
3183,NEUTRAL
3184,NEUTRAL
3185,NEUTRAL
3189,NEUTRAL
3190,NEUTRAL
3191,NEUTRAL
3193,NEUTRAL
3194,ENTAILMENT
3195,CONTRADICTION
3196,ENTAILMENT
3197,CONTRADICTION
3198,ENTAILMENT
3199,CONTRADICTION
3204,NEUTRAL
3205,NEUTRAL
3206,CONTRADICTION
3207,NEUTRAL
3209,ENTAILMENT
3210,NEUTRAL
3211,NEUTRAL
3212,NEUTRAL
3215,CONTRADICTION
3216,ENTAILMENT
3219,ENTAILMENT
3220,ENTAILMENT
3225,NEUTRAL
3226,NEUTRAL
3229,NEUTRAL
3231,NEUTRAL
3233,NEUTRAL
3234,ENTAILMENT
3235,ENTAILMENT
3236,NEUTRAL
3237,CONTRADICTION
3239,NEUTRAL
3240,CONTRADICTION
3241,ENTAILMENT
3244,NEUTRAL
3245,NEUTRAL
3246,CONTRADICTION
3247,NEUTRAL
3249,NEUTRAL
3251,NEUTRAL
3259,NEUTRAL
3263,NEUTRAL
3266,NEUTRAL
3267,NEUTRAL
3268,NEUTRAL
3269,CONTRADICTION
3270,NEUTRAL
3276,NEUTRAL
3279,NEUTRAL
3282,NEUTRAL
3284,ENTAILMENT
3289,NEUTRAL
3290,ENTAILMENT
3293,NEUTRAL
3295,NEUTRAL
3296,NEUTRAL
3297,NEUTRAL
3300,NEUTRAL
3301,NEUTRAL
3302,ENTAILMENT
3305,ENTAILMENT
3306,ENTAILMENT
3307,NEUTRAL
3308,NEUTRAL
3309,CONTRADICTION
3310,ENTAILMENT
3312,NEUTRAL
3315,NEUTRAL
3317,NEUTRAL
3318,NEUTRAL
3320,NEUTRAL
3323,NEUTRAL
3326,ENTAILMENT
3328,NEUTRAL
3331,CONTRADICTION
3333,NEUTRAL
3334,ENTAILMENT
3335,NEUTRAL
3337,NEUTRAL
3341,CONTRADICTION
3343,ENTAILMENT
3348,ENTAILMENT
3350,ENTAILMENT
3352,NEUTRAL
3354,ENTAILMENT
3355,NEUTRAL
3360,NEUTRAL
3365,NEUTRAL
3377,CONTRADICTION
3379,NEUTRAL
3380,NEUTRAL
3381,CONTRADICTION
3383,ENTAILMENT
3387,CONTRADICTION
3388,NEUTRAL
3390,ENTAILMENT
3391,CONTRADICTION
3392,ENTAILMENT
3393,NEUTRAL
3394,CONTRADICTION
3399,ENTAILMENT
3401,ENTAILMENT
3402,NEUTRAL
3403,NEUTRAL
3404,ENTAILMENT
3406,ENTAILMENT
3408,NEUTRAL
3409,NEUTRAL
3410,NEUTRAL
3415,NEUTRAL
3417,NEUTRAL
3419,NEUTRAL
3421,NEUTRAL
3423,CONTRADICTION
3430,NEUTRAL
3431,NEUTRAL
3434,CONTRADICTION
3439,ENTAILMENT
3441,NEUTRAL
3442,NEUTRAL
3445,NEUTRAL
3446,NEUTRAL
3447,NEUTRAL
3449,NEUTRAL
3450,NEUTRAL
3455,ENTAILMENT
3456,CONTRADICTION
3457,ENTAILMENT
3458,CONTRADICTION
3463,NEUTRAL
3464,NEUTRAL
3466,ENTAILMENT
3469,ENTAILMENT
3470,NEUTRAL
3473,NEUTRAL
3474,NEUTRAL
3475,CONTRADICTION
3476,NEUTRAL
3477,NEUTRAL
3478,NEUTRAL
3481,CONTRADICTION
3482,NEUTRAL
3483,NEUTRAL
3489,ENTAILMENT
3490,NEUTRAL
3493,NEUTRAL
3497,NEUTRAL
3498,NEUTRAL
3499,NEUTRAL
3502,NEUTRAL
3506,NEUTRAL
3509,CONTRADICTION
3513,NEUTRAL
3515,ENTAILMENT
3519,ENTAILMENT
3520,CONTRADICTION
3521,NEUTRAL
3522,NEUTRAL
3523,NEUTRAL
3524,NEUTRAL
3525,CONTRADICTION
3526,NEUTRAL
3527,NEUTRAL
3531,NEUTRAL
3532,ENTAILMENT
3535,NEUTRAL
3540,NEUTRAL
3545,NEUTRAL
3550,NEUTRAL
3551,NEUTRAL
3553,ENTAILMENT
3555,ENTAILMENT
3557,NEUTRAL
3558,ENTAILMENT
3559,ENTAILMENT
3560,NEUTRAL
3562,CONTRADICTION
3563,NEUTRAL
3564,ENTAILMENT
3570,CONTRADICTION
3573,ENTAILMENT
3575,NEUTRAL
3578,CONTRADICTION
3581,ENTAILMENT
3583,ENTAILMENT
3585,CONTRADICTION
3587,NEUTRAL
3588,NEUTRAL
3590,NEUTRAL
3591,CONTRADICTION
3593,ENTAILMENT
3594,NEUTRAL
3595,NEUTRAL
3596,CONTRADICTION
3597,NEUTRAL
3599,CONTRADICTION
3600,ENTAILMENT
3601,ENTAILMENT
3604,NEUTRAL
3605,NEUTRAL
3606,NEUTRAL
3608,NEUTRAL
3609,NEUTRAL
3610,CONTRADICTION
3612,ENTAILMENT
3613,NEUTRAL
3615,NEUTRAL
3616,NEUTRAL
3617,NEUTRAL
3619,NEUTRAL
3621,NEUTRAL
3622,NEUTRAL
3628,ENTAILMENT
3631,ENTAILMENT
3632,ENTAILMENT
3634,ENTAILMENT
3636,NEUTRAL
3637,NEUTRAL
3641,NEUTRAL
3642,CONTRADICTION
3644,NEUTRAL
3645,NEUTRAL
3648,CONTRADICTION
3652,NEUTRAL
3654,NEUTRAL
3655,NEUTRAL
3656,NEUTRAL
3659,NEUTRAL
3660,NEUTRAL
3662,NEUTRAL
3663,ENTAILMENT
3664,CONTRADICTION
3665,NEUTRAL
3667,NEUTRAL
3671,NEUTRAL
3674,NEUTRAL
3675,NEUTRAL
3676,NEUTRAL
3677,NEUTRAL
3678,NEUTRAL
3679,NEUTRAL
3681,NEUTRAL
3683,NEUTRAL
3688,ENTAILMENT
3698,ENTAILMENT
3700,NEUTRAL
3704,ENTAILMENT
3706,ENTAILMENT
3714,ENTAILMENT
3715,ENTAILMENT
3716,ENTAILMENT
3717,CONTRADICTION
3722,CONTRADICTION
3723,ENTAILMENT
3724,CONTRADICTION
3726,CONTRADICTION
3729,NEUTRAL
3730,NEUTRAL
3731,NEUTRAL
3732,NEUTRAL
3734,NEUTRAL
3735,NEUTRAL
3738,NEUTRAL
3741,NEUTRAL
3744,CONTRADICTION
3745,NEUTRAL
3749,NEUTRAL
3754,ENTAILMENT
3757,CONTRADICTION
3760,CONTRADICTION
3763,NEUTRAL
3764,NEUTRAL
3768,ENTAILMENT
3769,ENTAILMENT
3771,CONTRADICTION
3772,ENTAILMENT
3773,CONTRADICTION
3775,ENTAILMENT
3778,NEUTRAL
3782,NEUTRAL
3786,NEUTRAL
3787,NEUTRAL
3791,NEUTRAL
3792,NEUTRAL
3793,CONTRADICTION
3794,NEUTRAL
3796,CONTRADICTION
3798,ENTAILMENT
3802,CONTRADICTION
3806,ENTAILMENT
3808,NEUTRAL
3810,NEUTRAL
3811,NEUTRAL
3813,NEUTRAL
3815,NEUTRAL
3816,NEUTRAL
3817,NEUTRAL
3818,NEUTRAL
3819,NEUTRAL
3822,NEUTRAL
3824,NEUTRAL
3829,NEUTRAL
3830,NEUTRAL
3832,NEUTRAL
3833,NEUTRAL
3835,NEUTRAL
3837,ENTAILMENT
3841,CONTRADICTION
3842,ENTAILMENT
3843,NEUTRAL
3848,ENTAILMENT
3849,CONTRADICTION
3850,ENTAILMENT
3851,NEUTRAL
3854,NEUTRAL
3858,NEUTRAL
3859,NEUTRAL
3863,NEUTRAL
3865,NEUTRAL
3867,NEUTRAL
3875,NEUTRAL
3876,NEUTRAL
3877,NEUTRAL
3878,NEUTRAL
3879,CONTRADICTION
3881,NEUTRAL
3888,NEUTRAL
3889,NEUTRAL
3890,NEUTRAL
3891,ENTAILMENT
3894,NEUTRAL
3896,NEUTRAL
3900,NEUTRAL
3902,NEUTRAL
3906,NEUTRAL
3907,ENTAILMENT
3911,ENTAILMENT
3913,CONTRADICTION
3916,ENTAILMENT
3918,ENTAILMENT
3919,CONTRADICTION
3923,NEUTRAL
3925,ENTAILMENT
3926,NEUTRAL
3927,NEUTRAL
3928,NEUTRAL
3931,NEUTRAL
3932,ENTAILMENT
3933,NEUTRAL
3937,NEUTRAL
3944,CONTRADICTION
3945,ENTAILMENT
3946,CONTRADICTION
3950,NEUTRAL
3952,NEUTRAL
3953,NEUTRAL
3954,ENTAILMENT
3959,NEUTRAL
3960,NEUTRAL
3962,NEUTRAL
3963,NEUTRAL
3964,NEUTRAL
3965,NEUTRAL
3966,CONTRADICTION
3967,NEUTRAL
3968,CONTRADICTION
3969,NEUTRAL
3971,NEUTRAL
3974,NEUTRAL
3975,ENTAILMENT
3977,NEUTRAL
3978,ENTAILMENT
3979,CONTRADICTION
3981,ENTAILMENT
3983,ENTAILMENT
3988,NEUTRAL
3991,CONTRADICTION
3997,NEUTRAL
4000,ENTAILMENT
4003,NEUTRAL
4005,NEUTRAL
4008,NEUTRAL
4009,NEUTRAL
4010,NEUTRAL
4016,NEUTRAL
4018,ENTAILMENT
4019,NEUTRAL
4022,CONTRADICTION
4023,NEUTRAL
4024,ENTAILMENT
4025,ENTAILMENT
4026,NEUTRAL
4027,ENTAILMENT
4029,NEUTRAL
4030,NEUTRAL
4032,NEUTRAL
4035,NEUTRAL
4039,NEUTRAL
4042,NEUTRAL
4044,NEUTRAL
4048,NEUTRAL
4051,ENTAILMENT
4052,NEUTRAL
4053,ENTAILMENT
4055,CONTRADICTION
4057,NEUTRAL
4059,CONTRADICTION
4064,NEUTRAL
4070,NEUTRAL
4073,NEUTRAL
4075,NEUTRAL
4077,CONTRADICTION
4078,NEUTRAL
4080,NEUTRAL
4081,NEUTRAL
4082,ENTAILMENT
4089,CONTRADICTION
4091,NEUTRAL
4092,NEUTRAL
4093,NEUTRAL
4095,CONTRADICTION
4096,NEUTRAL
4097,ENTAILMENT
4098,NEUTRAL
4099,NEUTRAL
4101,CONTRADICTION
4103,CONTRADICTION
4104,ENTAILMENT
4106,ENTAILMENT
4107,NEUTRAL
4110,CONTRADICTION
4111,NEUTRAL
4116,NEUTRAL
4121,ENTAILMENT
4122,CONTRADICTION
4124,NEUTRAL
4128,CONTRADICTION
4129,NEUTRAL
4130,NEUTRAL
4131,NEUTRAL
4138,ENTAILMENT
4139,CONTRADICTION
4143,CONTRADICTION
4144,NEUTRAL
4150,NEUTRAL
4151,NEUTRAL
4153,NEUTRAL
4158,NEUTRAL
4159,CONTRADICTION
4160,NEUTRAL
4161,CONTRADICTION
4166,NEUTRAL
4167,NEUTRAL
4169,ENTAILMENT
4170,NEUTRAL
4171,ENTAILMENT
4172,NEUTRAL
4175,NEUTRAL
4177,CONTRADICTION
4180,NEUTRAL
4182,CONTRADICTION
4184,CONTRADICTION
4186,ENTAILMENT
4188,NEUTRAL
4189,NEUTRAL
4190,CONTRADICTION
4192,NEUTRAL
4198,NEUTRAL
4200,NEUTRAL
4201,ENTAILMENT
4203,ENTAILMENT
4204,CONTRADICTION
4206,CONTRADICTION
4208,NEUTRAL
4210,NEUTRAL
4211,CONTRADICTION
4215,ENTAILMENT
4217,NEUTRAL
4218,ENTAILMENT
4222,ENTAILMENT
4224,NEUTRAL
4225,ENTAILMENT
4226,CONTRADICTION
4227,NEUTRAL
4229,NEUTRAL
4230,NEUTRAL
4233,NEUTRAL
4234,ENTAILMENT
4237,ENTAILMENT
4240,CONTRADICTION
4241,ENTAILMENT
4243,NEUTRAL
4245,NEUTRAL
4249,CONTRADICTION
4250,NEUTRAL
4255,CONTRADICTION
4256,ENTAILMENT
4258,NEUTRAL
4261,NEUTRAL
4262,NEUTRAL
4263,ENTAILMENT
4264,NEUTRAL
4268,ENTAILMENT
4270,ENTAILMENT
4271,CONTRADICTION
4273,CONTRADICTION
4276,CONTRADICTION
4278,ENTAILMENT
4281,ENTAILMENT
4285,CONTRADICTION
4286,NEUTRAL
4292,NEUTRAL
4293,ENTAILMENT
4294,NEUTRAL
4296,CONTRADICTION
4297,ENTAILMENT
4298,CONTRADICTION
4300,ENTAILMENT
4302,NEUTRAL
4303,CONTRADICTION
4309,CONTRADICTION
4310,NEUTRAL
4311,NEUTRAL
4313,NEUTRAL
4314,NEUTRAL
4317,NEUTRAL
4319,NEUTRAL
4324,NEUTRAL
4326,NEUTRAL
4327,NEUTRAL
4331,NEUTRAL
4332,NEUTRAL
4333,NEUTRAL
4334,NEUTRAL
4337,NEUTRAL
4343,NEUTRAL
4345,NEUTRAL
4352,CONTRADICTION
4353,NEUTRAL
4355,NEUTRAL
4356,NEUTRAL
4358,CONTRADICTION
4362,NEUTRAL
4366,NEUTRAL
4367,NEUTRAL
4368,CONTRADICTION
4372,NEUTRAL
4373,ENTAILMENT
4374,CONTRADICTION
4375,NEUTRAL
4380,NEUTRAL
4383,NEUTRAL
4384,NEUTRAL
4389,NEUTRAL
4391,NEUTRAL
4397,ENTAILMENT
4399,CONTRADICTION
4400,NEUTRAL
4402,ENTAILMENT
4403,CONTRADICTION
4404,NEUTRAL
4405,CONTRADICTION
4406,NEUTRAL
4409,ENTAILMENT
4413,NEUTRAL
4415,ENTAILMENT
4416,NEUTRAL
4419,NEUTRAL
4420,NEUTRAL
4421,NEUTRAL
4422,ENTAILMENT
4423,CONTRADICTION
4424,ENTAILMENT
4425,NEUTRAL
4427,NEUTRAL
4428,NEUTRAL
4430,CONTRADICTION
4433,NEUTRAL
4434,NEUTRAL
4435,CONTRADICTION
4436,NEUTRAL
4437,CONTRADICTION
4438,NEUTRAL
4441,CONTRADICTION
4444,NEUTRAL
4448,NEUTRAL
4449,NEUTRAL
4450,NEUTRAL
4451,NEUTRAL
4452,ENTAILMENT
4453,CONTRADICTION
4455,CONTRADICTION
4456,NEUTRAL
4459,CONTRADICTION
4460,NEUTRAL
4461,NEUTRAL
4462,NEUTRAL
4463,NEUTRAL
4465,NEUTRAL
4466,NEUTRAL
4467,NEUTRAL
4470,NEUTRAL
4474,ENTAILMENT
4475,NEUTRAL
4476,NEUTRAL
4478,NEUTRAL
4479,NEUTRAL
4480,CONTRADICTION
4482,CONTRADICTION
4483,ENTAILMENT
4484,CONTRADICTION
4485,ENTAILMENT
4488,NEUTRAL
4489,CONTRADICTION
4491,NEUTRAL
4493,NEUTRAL
4494,NEUTRAL
4495,CONTRADICTION
4496,NEUTRAL
4499,ENTAILMENT
4500,NEUTRAL
4502,NEUTRAL
4504,NEUTRAL
4506,NEUTRAL
4508,NEUTRAL
4510,NEUTRAL
4512,NEUTRAL
4518,CONTRADICTION
4521,ENTAILMENT
4527,NEUTRAL
4528,NEUTRAL
4530,NEUTRAL
4531,CONTRADICTION
4532,NEUTRAL
4533,NEUTRAL
4535,ENTAILMENT
4536,CONTRADICTION
4537,NEUTRAL
4538,NEUTRAL
4539,ENTAILMENT
4542,CONTRADICTION
4543,NEUTRAL
4547,NEUTRAL
4548,NEUTRAL
4550,ENTAILMENT
4552,NEUTRAL
4554,NEUTRAL
4555,ENTAILMENT
4557,NEUTRAL
4560,NEUTRAL
4561,NEUTRAL
4563,CONTRADICTION
4566,NEUTRAL
4568,NEUTRAL
4571,NEUTRAL
4572,CONTRADICTION
4575,NEUTRAL
4576,ENTAILMENT
4577,ENTAILMENT
4578,CONTRADICTION
4582,ENTAILMENT
4584,ENTAILMENT
4586,NEUTRAL
4587,NEUTRAL
4589,ENTAILMENT
4591,NEUTRAL
4592,NEUTRAL
4593,NEUTRAL
4594,CONTRADICTION
4598,NEUTRAL
4599,CONTRADICTION
4600,NEUTRAL
4602,NEUTRAL
4603,CONTRADICTION
4604,ENTAILMENT
4607,NEUTRAL
4608,CONTRADICTION
4609,NEUTRAL
4613,NEUTRAL
4618,ENTAILMENT
4620,ENTAILMENT
4621,CONTRADICTION
4622,ENTAILMENT
4623,CONTRADICTION
4624,ENTAILMENT
4625,NEUTRAL
4627,NEUTRAL
4628,NEUTRAL
4629,NEUTRAL
4631,NEUTRAL
4639,CONTRADICTION
4640,NEUTRAL
4641,CONTRADICTION
4642,NEUTRAL
4645,NEUTRAL
4647,ENTAILMENT
4649,ENTAILMENT
4654,NEUTRAL
4655,CONTRADICTION
4657,NEUTRAL
4658,NEUTRAL
4667,NEUTRAL
4670,ENTAILMENT
4672,ENTAILMENT
4675,ENTAILMENT
4676,CONTRADICTION
4677,NEUTRAL
4678,ENTAILMENT
4682,CONTRADICTION
4684,NEUTRAL
4690,ENTAILMENT
4691,NEUTRAL
4692,NEUTRAL
4693,NEUTRAL
4694,NEUTRAL
4695,NEUTRAL
4698,NEUTRAL
4703,ENTAILMENT
4704,NEUTRAL
4705,NEUTRAL
4706,CONTRADICTION
4708,NEUTRAL
4709,NEUTRAL
4714,ENTAILMENT
4715,CONTRADICTION
4719,NEUTRAL
4721,CONTRADICTION
4722,NEUTRAL
4723,CONTRADICTION
4726,NEUTRAL
4727,NEUTRAL
4730,NEUTRAL
4732,ENTAILMENT
4733,CONTRADICTION
4736,ENTAILMENT
4737,ENTAILMENT
4738,NEUTRAL
4739,ENTAILMENT
4741,NEUTRAL
4744,ENTAILMENT
4747,ENTAILMENT
4748,ENTAILMENT
4749,CONTRADICTION
4750,NEUTRAL
4751,NEUTRAL
4754,NEUTRAL
4757,NEUTRAL
4758,NEUTRAL
4765,NEUTRAL
4768,NEUTRAL
4770,NEUTRAL
4772,NEUTRAL
4773,CONTRADICTION
4775,NEUTRAL
4778,NEUTRAL
4779,ENTAILMENT
4781,NEUTRAL
4783,NEUTRAL
4784,NEUTRAL
4785,NEUTRAL
4786,NEUTRAL
4787,NEUTRAL
4789,NEUTRAL
4791,NEUTRAL
4792,NEUTRAL
4801,ENTAILMENT
4804,NEUTRAL
4809,CONTRADICTION
4818,CONTRADICTION
4827,NEUTRAL
4828,NEUTRAL
4829,CONTRADICTION
4830,NEUTRAL
4833,NEUTRAL
4834,CONTRADICTION
4835,NEUTRAL
4837,NEUTRAL
4838,NEUTRAL
4840,CONTRADICTION
4841,NEUTRAL
4846,NEUTRAL
4850,ENTAILMENT
4854,CONTRADICTION
4856,NEUTRAL
4861,NEUTRAL
4862,NEUTRAL
4864,NEUTRAL
4865,CONTRADICTION
4868,NEUTRAL
4870,NEUTRAL
4871,NEUTRAL
4873,NEUTRAL
4875,NEUTRAL
4876,NEUTRAL
4878,ENTAILMENT
4884,ENTAILMENT
4887,NEUTRAL
4889,ENTAILMENT
4890,CONTRADICTION
4892,NEUTRAL
4893,NEUTRAL
4894,CONTRADICTION
4895,NEUTRAL
4896,NEUTRAL
4897,NEUTRAL
4899,NEUTRAL
4902,NEUTRAL
4904,NEUTRAL
4906,NEUTRAL
4907,NEUTRAL
4908,NEUTRAL
4909,NEUTRAL
4910,CONTRADICTION
4914,NEUTRAL
4917,CONTRADICTION
4923,NEUTRAL
4924,NEUTRAL
4925,NEUTRAL
4927,ENTAILMENT
4930,CONTRADICTION
4931,NEUTRAL
4935,NEUTRAL
4936,CONTRADICTION
4939,CONTRADICTION
4943,NEUTRAL
4945,NEUTRAL
4952,CONTRADICTION
4955,CONTRADICTION
4956,NEUTRAL
4958,NEUTRAL
4962,NEUTRAL
4969,ENTAILMENT
4972,NEUTRAL
4973,CONTRADICTION
4976,NEUTRAL
4979,CONTRADICTION
4980,NEUTRAL
4984,NEUTRAL
4986,NEUTRAL
4987,NEUTRAL
4988,CONTRADICTION
4993,NEUTRAL
4994,ENTAILMENT
4995,CONTRADICTION
4999,NEUTRAL
5001,NEUTRAL
5004,NEUTRAL
5006,NEUTRAL
5008,NEUTRAL
5009,NEUTRAL
5013,NEUTRAL
5016,NEUTRAL
5019,NEUTRAL
5020,NEUTRAL
5021,NEUTRAL
5028,ENTAILMENT
5029,CONTRADICTION
5034,CONTRADICTION
5035,NEUTRAL
5036,NEUTRAL
5038,NEUTRAL
5041,ENTAILMENT
5042,NEUTRAL
5043,ENTAILMENT
5044,CONTRADICTION
5054,NEUTRAL
5055,NEUTRAL
5057,NEUTRAL
5059,NEUTRAL
5061,NEUTRAL
5062,CONTRADICTION
5063,NEUTRAL
5065,NEUTRAL
5066,NEUTRAL
5067,CONTRADICTION
5068,NEUTRAL
5069,NEUTRAL
5070,NEUTRAL
5071,CONTRADICTION
5075,NEUTRAL
5076,CONTRADICTION
5077,NEUTRAL
5084,NEUTRAL
5087,NEUTRAL
5088,NEUTRAL
5090,NEUTRAL
5093,NEUTRAL
5094,CONTRADICTION
5095,NEUTRAL
5098,NEUTRAL
5099,NEUTRAL
5101,NEUTRAL
5103,NEUTRAL
5104,NEUTRAL
5106,ENTAILMENT
5108,ENTAILMENT
5111,NEUTRAL
5112,CONTRADICTION
5118,CONTRADICTION
5120,NEUTRAL
5122,ENTAILMENT
5126,NEUTRAL
5128,NEUTRAL
5129,ENTAILMENT
5130,CONTRADICTION
5131,ENTAILMENT
5138,NEUTRAL
5140,NEUTRAL
5143,NEUTRAL
5144,NEUTRAL
5146,NEUTRAL
5150,NEUTRAL
5151,NEUTRAL
5152,CONTRADICTION
5156,NEUTRAL
5157,NEUTRAL
5158,ENTAILMENT
5159,CONTRADICTION
5162,NEUTRAL
5164,NEUTRAL
5165,NEUTRAL
5168,CONTRADICTION
5170,CONTRADICTION
5172,CONTRADICTION
5173,NEUTRAL
5174,ENTAILMENT
5179,CONTRADICTION
5180,ENTAILMENT
5181,CONTRADICTION
5182,NEUTRAL
5183,NEUTRAL
5184,NEUTRAL
5185,NEUTRAL
5188,NEUTRAL
5190,NEUTRAL
5192,NEUTRAL
5193,CONTRADICTION
5194,NEUTRAL
5196,NEUTRAL
5200,NEUTRAL
5202,NEUTRAL
5205,NEUTRAL
5207,ENTAILMENT
5209,ENTAILMENT
5210,NEUTRAL
5211,NEUTRAL
5213,NEUTRAL
5214,NEUTRAL
5217,CONTRADICTION
5218,NEUTRAL
5221,NEUTRAL
5222,NEUTRAL
5224,NEUTRAL
5228,NEUTRAL
5229,NEUTRAL
5230,NEUTRAL
5233,CONTRADICTION
5235,CONTRADICTION
5237,ENTAILMENT
5240,NEUTRAL
5241,NEUTRAL
5243,NEUTRAL
5245,NEUTRAL
5250,NEUTRAL
5252,NEUTRAL
5255,ENTAILMENT
5257,ENTAILMENT
5259,ENTAILMENT
5265,CONTRADICTION
5266,NEUTRAL
5268,NEUTRAL
5270,NEUTRAL
5271,CONTRADICTION
5272,NEUTRAL
5273,NEUTRAL
5274,NEUTRAL
5275,NEUTRAL
5279,NEUTRAL
5280,NEUTRAL
5281,NEUTRAL
5283,CONTRADICTION
5284,ENTAILMENT
5285,CONTRADICTION
5286,ENTAILMENT
5287,CONTRADICTION
5289,CONTRADICTION
5290,NEUTRAL
5292,NEUTRAL
5293,NEUTRAL
5295,NEUTRAL
5297,NEUTRAL
5299,NEUTRAL
5300,NEUTRAL
5301,CONTRADICTION
5302,ENTAILMENT
5305,NEUTRAL
5307,CONTRADICTION
5308,NEUTRAL
5309,NEUTRAL
5312,NEUTRAL
5315,NEUTRAL
5316,CONTRADICTION
5320,NEUTRAL
5322,NEUTRAL
5323,CONTRADICTION
5326,NEUTRAL
5328,NEUTRAL
5330,NEUTRAL
5331,NEUTRAL
5332,NEUTRAL
5336,ENTAILMENT
5337,CONTRADICTION
5339,CONTRADICTION
5343,CONTRADICTION
5344,NEUTRAL
5353,NEUTRAL
5354,ENTAILMENT
5355,CONTRADICTION
5360,ENTAILMENT
5364,CONTRADICTION
5365,NEUTRAL
5366,NEUTRAL
5367,NEUTRAL
5368,NEUTRAL
5371,NEUTRAL
5375,CONTRADICTION
5381,NEUTRAL
5382,CONTRADICTION
5386,CONTRADICTION
5388,CONTRADICTION
5390,ENTAILMENT
5392,ENTAILMENT
5394,ENTAILMENT
5396,ENTAILMENT
5400,NEUTRAL
5402,NEUTRAL
5403,ENTAILMENT
5408,NEUTRAL
5410,ENTAILMENT
5412,ENTAILMENT
5413,CONTRADICTION
5416,NEUTRAL
5417,ENTAILMENT
5418,NEUTRAL
5421,NEUTRAL
5422,CONTRADICTION
5424,NEUTRAL
5425,NEUTRAL
5428,ENTAILMENT
5430,ENTAILMENT
5431,CONTRADICTION
5433,CONTRADICTION
5438,NEUTRAL
5441,NEUTRAL
5442,NEUTRAL
5444,ENTAILMENT
5445,CONTRADICTION
5448,ENTAILMENT
5450,ENTAILMENT
5451,CONTRADICTION
5452,NEUTRAL
5453,ENTAILMENT
5465,NEUTRAL
5469,CONTRADICTION
5470,NEUTRAL
5472,NEUTRAL
5473,NEUTRAL
5475,NEUTRAL
5479,NEUTRAL
5481,ENTAILMENT
5482,ENTAILMENT
5484,ENTAILMENT
5485,ENTAILMENT
5486,ENTAILMENT
5488,ENTAILMENT
5490,NEUTRAL
5493,NEUTRAL
5494,NEUTRAL
5499,NEUTRAL
5506,NEUTRAL
5508,CONTRADICTION
5509,NEUTRAL
5511,NEUTRAL
5515,NEUTRAL
5516,NEUTRAL
5517,NEUTRAL
5519,NEUTRAL
5524,NEUTRAL
5527,NEUTRAL
5528,NEUTRAL
5529,NEUTRAL
5536,ENTAILMENT
5539,ENTAILMENT
5541,CONTRADICTION
5542,ENTAILMENT
5543,NEUTRAL
5544,NEUTRAL
5547,ENTAILMENT
5550,CONTRADICTION
5551,NEUTRAL
5557,NEUTRAL
5559,NEUTRAL
5562,CONTRADICTION
5564,ENTAILMENT
5566,NEUTRAL
5567,NEUTRAL
5570,NEUTRAL
5571,CONTRADICTION
5572,NEUTRAL
5573,NEUTRAL
5574,NEUTRAL
5576,NEUTRAL
5577,NEUTRAL
5578,NEUTRAL
5579,NEUTRAL
5581,NEUTRAL
5583,NEUTRAL
5585,NEUTRAL
5589,NEUTRAL
5590,NEUTRAL
5592,NEUTRAL
5594,NEUTRAL
5596,NEUTRAL
5597,NEUTRAL
5598,CONTRADICTION
5599,NEUTRAL
5600,NEUTRAL
5601,NEUTRAL
5605,NEUTRAL
5606,NEUTRAL
5611,NEUTRAL
5616,CONTRADICTION
5622,CONTRADICTION
5625,NEUTRAL
5626,ENTAILMENT
5628,ENTAILMENT
5629,CONTRADICTION
5630,ENTAILMENT
5631,NEUTRAL
5635,ENTAILMENT
5636,CONTRADICTION
5638,CONTRADICTION
5639,ENTAILMENT
5644,ENTAILMENT
5648,ENTAILMENT
5649,CONTRADICTION
5650,ENTAILMENT
5652,NEUTRAL
5654,NEUTRAL
5655,NEUTRAL
5658,NEUTRAL
5660,NEUTRAL
5661,NEUTRAL
5662,NEUTRAL
5665,NEUTRAL
5666,NEUTRAL
5667,NEUTRAL
5669,NEUTRAL
5670,NEUTRAL
5672,NEUTRAL
5673,NEUTRAL
5674,NEUTRAL
5681,CONTRADICTION
5682,ENTAILMENT
5684,NEUTRAL
5685,NEUTRAL
5686,NEUTRAL
5688,CONTRADICTION
5689,NEUTRAL
5690,CONTRADICTION
5692,CONTRADICTION
5699,CONTRADICTION
5700,ENTAILMENT
5702,ENTAILMENT
5703,CONTRADICTION
5704,ENTAILMENT
5705,NEUTRAL
5707,NEUTRAL
5708,CONTRADICTION
5709,NEUTRAL
5711,NEUTRAL
5713,NEUTRAL
5714,NEUTRAL
5715,NEUTRAL
5716,NEUTRAL
5719,NEUTRAL
5720,NEUTRAL
5721,CONTRADICTION
5723,ENTAILMENT
5724,CONTRADICTION
5726,CONTRADICTION
5727,NEUTRAL
5729,ENTAILMENT
5730,CONTRADICTION
5731,ENTAILMENT
5734,NEUTRAL
5735,NEUTRAL
5738,ENTAILMENT
5743,NEUTRAL
5746,CONTRADICTION
5748,CONTRADICTION
5754,NEUTRAL
5757,CONTRADICTION
5759,NEUTRAL
5760,NEUTRAL
5763,NEUTRAL
5766,NEUTRAL
5767,NEUTRAL
5769,NEUTRAL
5771,NEUTRAL
5774,NEUTRAL
5775,CONTRADICTION
5778,NEUTRAL
5780,NEUTRAL
5782,NEUTRAL
5783,NEUTRAL
5784,NEUTRAL
5785,NEUTRAL
5786,NEUTRAL
5789,NEUTRAL
5790,ENTAILMENT
5793,NEUTRAL
5795,CONTRADICTION
5796,NEUTRAL
5798,CONTRADICTION
5800,CONTRADICTION
5802,CONTRADICTION
5803,NEUTRAL
5804,NEUTRAL
5805,NEUTRAL
5807,NEUTRAL
5808,NEUTRAL
5809,NEUTRAL
5814,NEUTRAL
5817,NEUTRAL
5818,NEUTRAL
5827,NEUTRAL
5830,NEUTRAL
5831,ENTAILMENT
5832,ENTAILMENT
5833,NEUTRAL
5837,NEUTRAL
5838,CONTRADICTION
5840,NEUTRAL
5843,ENTAILMENT
5844,ENTAILMENT
5849,ENTAILMENT
5854,CONTRADICTION
5856,CONTRADICTION
5858,NEUTRAL
5862,NEUTRAL
5863,NEUTRAL
5866,ENTAILMENT
5868,ENTAILMENT
5869,ENTAILMENT
5870,NEUTRAL
5871,NEUTRAL
5873,ENTAILMENT
5877,ENTAILMENT
5878,NEUTRAL
5880,NEUTRAL
5881,NEUTRAL
5884,ENTAILMENT
5888,NEUTRAL
5889,NEUTRAL
5891,NEUTRAL
5892,NEUTRAL
5893,NEUTRAL
5896,ENTAILMENT
5897,NEUTRAL
5903,NEUTRAL
5908,CONTRADICTION
5910,CONTRADICTION
5912,CONTRADICTION
5913,NEUTRAL
5915,NEUTRAL
5916,NEUTRAL
5917,CONTRADICTION
5921,NEUTRAL
5925,NEUTRAL
5926,NEUTRAL
5927,NEUTRAL
5929,NEUTRAL
5932,ENTAILMENT
5933,NEUTRAL
5934,ENTAILMENT
5935,CONTRADICTION
5939,NEUTRAL
5940,ENTAILMENT
5942,CONTRADICTION
5945,ENTAILMENT
5946,ENTAILMENT
5949,ENTAILMENT
5950,NEUTRAL
5951,NEUTRAL
5953,CONTRADICTION
5954,ENTAILMENT
5957,NEUTRAL
5958,NEUTRAL
5959,NEUTRAL
5961,NEUTRAL
5962,NEUTRAL
5963,NEUTRAL
5967,CONTRADICTION
5969,NEUTRAL
5971,NEUTRAL
5972,NEUTRAL
5973,NEUTRAL
5974,NEUTRAL
5980,ENTAILMENT
5981,ENTAILMENT
5984,NEUTRAL
5985,NEUTRAL
5993,NEUTRAL
5994,NEUTRAL
5995,CONTRADICTION
5997,NEUTRAL
5998,NEUTRAL
5999,NEUTRAL
6002,NEUTRAL
6003,NEUTRAL
6004,CONTRADICTION
6008,ENTAILMENT
6009,NEUTRAL
6010,NEUTRAL
6011,CONTRADICTION
6012,ENTAILMENT
6013,NEUTRAL
6016,NEUTRAL
6018,NEUTRAL
6019,NEUTRAL
6021,NEUTRAL
6023,NEUTRAL
6024,NEUTRAL
6025,NEUTRAL
6026,CONTRADICTION
6031,ENTAILMENT
6033,ENTAILMENT
6034,NEUTRAL
6036,NEUTRAL
6039,ENTAILMENT
6040,CONTRADICTION
6043,CONTRADICTION
6046,NEUTRAL
6048,NEUTRAL
6049,NEUTRAL
6055,NEUTRAL
6057,CONTRADICTION
6058,NEUTRAL
6059,NEUTRAL
6062,ENTAILMENT
6063,ENTAILMENT
6064,CONTRADICTION
6066,NEUTRAL
6067,ENTAILMENT
6069,NEUTRAL
6070,NEUTRAL
6071,NEUTRAL
6073,NEUTRAL
6074,NEUTRAL
6076,ENTAILMENT
6079,CONTRADICTION
6081,NEUTRAL
6087,ENTAILMENT
6089,ENTAILMENT
6090,ENTAILMENT
6091,NEUTRAL
6094,NEUTRAL
6097,CONTRADICTION
6100,NEUTRAL
6102,ENTAILMENT
6107,NEUTRAL
6110,ENTAILMENT
6111,NEUTRAL
6113,NEUTRAL
6114,NEUTRAL
6115,NEUTRAL
6116,NEUTRAL
6118,ENTAILMENT
6121,NEUTRAL
6124,CONTRADICTION
6125,NEUTRAL
6126,NEUTRAL
6129,NEUTRAL
6130,CONTRADICTION
6132,ENTAILMENT
6134,NEUTRAL
6138,NEUTRAL
6139,ENTAILMENT
6140,NEUTRAL
6141,NEUTRAL
6142,ENTAILMENT
6143,NEUTRAL
6148,CONTRADICTION
6149,NEUTRAL
6151,ENTAILMENT
6156,NEUTRAL
6162,NEUTRAL
6163,ENTAILMENT
6165,ENTAILMENT
6166,NEUTRAL
6167,NEUTRAL
6168,ENTAILMENT
6172,NEUTRAL
6173,ENTAILMENT
6177,NEUTRAL
6181,NEUTRAL
6182,NEUTRAL
6184,ENTAILMENT
6189,ENTAILMENT
6190,ENTAILMENT
6192,ENTAILMENT
6196,ENTAILMENT
6201,ENTAILMENT
6204,NEUTRAL
6207,CONTRADICTION
6210,ENTAILMENT
6216,ENTAILMENT
6217,CONTRADICTION
6220,ENTAILMENT
6221,NEUTRAL
6222,NEUTRAL
6223,NEUTRAL
6226,CONTRADICTION
6227,NEUTRAL
6229,NEUTRAL
6230,ENTAILMENT
6235,NEUTRAL
6237,NEUTRAL
6238,NEUTRAL
6240,NEUTRAL
6244,ENTAILMENT
6245,NEUTRAL
6247,NEUTRAL
6251,NEUTRAL
6252,NEUTRAL
6254,ENTAILMENT
6255,NEUTRAL
6256,NEUTRAL
6257,CONTRADICTION
6260,CONTRADICTION
6261,NEUTRAL
6262,NEUTRAL
6264,NEUTRAL
6265,ENTAILMENT
6268,NEUTRAL
6269,CONTRADICTION
6270,NEUTRAL
6271,NEUTRAL
6273,NEUTRAL
6274,ENTAILMENT
6275,NEUTRAL
6276,NEUTRAL
6277,ENTAILMENT
6279,NEUTRAL
6281,ENTAILMENT
6282,NEUTRAL
6283,NEUTRAL
6284,ENTAILMENT
6285,NEUTRAL
6289,NEUTRAL
6294,NEUTRAL
6296,NEUTRAL
6298,NEUTRAL
6303,ENTAILMENT
6304,NEUTRAL
6312,ENTAILMENT
6314,NEUTRAL
6320,ENTAILMENT
6322,ENTAILMENT
6323,ENTAILMENT
6324,NEUTRAL
6325,NEUTRAL
6328,ENTAILMENT
6329,NEUTRAL
6331,ENTAILMENT
6332,NEUTRAL
6339,CONTRADICTION
6340,NEUTRAL
6341,CONTRADICTION
6343,CONTRADICTION
6351,CONTRADICTION
6352,NEUTRAL
6354,ENTAILMENT
6355,NEUTRAL
6356,NEUTRAL
6361,NEUTRAL
6364,ENTAILMENT
6365,NEUTRAL
6367,CONTRADICTION
6369,NEUTRAL
6371,NEUTRAL
6374,ENTAILMENT
6376,ENTAILMENT
6378,CONTRADICTION
6379,NEUTRAL
6380,NEUTRAL
6383,NEUTRAL
6384,NEUTRAL
6388,NEUTRAL
6389,CONTRADICTION
6391,CONTRADICTION
6393,ENTAILMENT
6398,ENTAILMENT
6399,NEUTRAL
6400,ENTAILMENT
6401,NEUTRAL
6403,NEUTRAL
6406,ENTAILMENT
6408,NEUTRAL
6409,NEUTRAL
6410,ENTAILMENT
6413,ENTAILMENT
6414,ENTAILMENT
6415,NEUTRAL
6416,NEUTRAL
6418,NEUTRAL
6422,NEUTRAL
6425,NEUTRAL
6427,CONTRADICTION
6428,ENTAILMENT
6430,NEUTRAL
6431,ENTAILMENT
6433,ENTAILMENT
6435,CONTRADICTION
6436,NEUTRAL
6437,NEUTRAL
6438,NEUTRAL
6439,NEUTRAL
6440,NEUTRAL
6441,NEUTRAL
6442,NEUTRAL
6445,NEUTRAL
6446,NEUTRAL
6449,NEUTRAL
6451,ENTAILMENT
6453,NEUTRAL
6455,CONTRADICTION
6456,NEUTRAL
6457,NEUTRAL
6459,NEUTRAL
6461,NEUTRAL
6462,NEUTRAL
6464,NEUTRAL
6465,NEUTRAL
6466,CONTRADICTION
6472,ENTAILMENT
6473,CONTRADICTION
6474,ENTAILMENT
6475,ENTAILMENT
6476,ENTAILMENT
6479,ENTAILMENT
6481,ENTAILMENT
6483,ENTAILMENT
6484,CONTRADICTION
6485,ENTAILMENT
6486,NEUTRAL
6487,NEUTRAL
6490,ENTAILMENT
6492,ENTAILMENT
6493,ENTAILMENT
6494,ENTAILMENT
6498,NEUTRAL
6501,ENTAILMENT
6502,NEUTRAL
6503,NEUTRAL
6504,CONTRADICTION
6505,NEUTRAL
6507,NEUTRAL
6509,NEUTRAL
6512,NEUTRAL
6515,NEUTRAL
6516,NEUTRAL
6518,ENTAILMENT
6519,CONTRADICTION
6520,NEUTRAL
6522,ENTAILMENT
6523,CONTRADICTION
6524,NEUTRAL
6525,NEUTRAL
6526,NEUTRAL
6528,NEUTRAL
6530,NEUTRAL
6533,NEUTRAL
6534,NEUTRAL
6537,ENTAILMENT
6538,CONTRADICTION
6541,ENTAILMENT
6542,NEUTRAL
6547,CONTRADICTION
6551,NEUTRAL
6553,CONTRADICTION
6556,NEUTRAL
6560,NEUTRAL
6561,ENTAILMENT
6562,NEUTRAL
6564,NEUTRAL
6570,CONTRADICTION
6571,ENTAILMENT
6573,CONTRADICTION
6574,NEUTRAL
6581,NEUTRAL
6583,ENTAILMENT
6585,NEUTRAL
6586,NEUTRAL
6587,NEUTRAL
6594,NEUTRAL
6596,CONTRADICTION
6601,NEUTRAL
6602,ENTAILMENT
6608,NEUTRAL
6609,CONTRADICTION
6611,NEUTRAL
6612,NEUTRAL
6613,NEUTRAL
6616,NEUTRAL
6621,NEUTRAL
6622,NEUTRAL
6623,CONTRADICTION
6624,NEUTRAL
6627,NEUTRAL
6628,NEUTRAL
6629,NEUTRAL
6630,NEUTRAL
6633,CONTRADICTION
6636,NEUTRAL
6637,NEUTRAL
6639,NEUTRAL
6641,NEUTRAL
6642,ENTAILMENT
6643,NEUTRAL
6645,NEUTRAL
6650,NEUTRAL
6651,NEUTRAL
6652,NEUTRAL
6653,NEUTRAL
6654,NEUTRAL
6655,NEUTRAL
6660,NEUTRAL
6661,NEUTRAL
6662,NEUTRAL
6663,NEUTRAL
6666,NEUTRAL
6667,CONTRADICTION
6668,NEUTRAL
6672,CONTRADICTION
6676,NEUTRAL
6677,ENTAILMENT
6679,ENTAILMENT
6680,NEUTRAL
6681,CONTRADICTION
6682,NEUTRAL
6685,NEUTRAL
6686,NEUTRAL
6689,ENTAILMENT
6690,NEUTRAL
6691,ENTAILMENT
6693,ENTAILMENT
6699,CONTRADICTION
6702,ENTAILMENT
6703,ENTAILMENT
6704,ENTAILMENT
6706,NEUTRAL
6707,NEUTRAL
6708,CONTRADICTION
6710,NEUTRAL
6712,ENTAILMENT
6713,NEUTRAL
6716,NEUTRAL
6718,NEUTRAL
6719,ENTAILMENT
6722,NEUTRAL
6724,NEUTRAL
6726,CONTRADICTION
6727,ENTAILMENT
6730,ENTAILMENT
6732,CONTRADICTION
6734,NEUTRAL
6737,NEUTRAL
6739,NEUTRAL
6741,NEUTRAL
6743,NEUTRAL
6744,NEUTRAL
6749,NEUTRAL
6751,ENTAILMENT
6753,NEUTRAL
6755,CONTRADICTION
6759,CONTRADICTION
6763,NEUTRAL
6767,NEUTRAL
6774,NEUTRAL
6776,NEUTRAL
6779,NEUTRAL
6780,NEUTRAL
6782,NEUTRAL
6783,NEUTRAL
6785,NEUTRAL
6786,NEUTRAL
6787,NEUTRAL
6788,NEUTRAL
6790,NEUTRAL
6792,NEUTRAL
6793,NEUTRAL
6794,NEUTRAL
6795,NEUTRAL
6796,NEUTRAL
6797,NEUTRAL
6798,NEUTRAL
6801,ENTAILMENT
6803,ENTAILMENT
6806,ENTAILMENT
6807,ENTAILMENT
6808,NEUTRAL
6809,NEUTRAL
6811,ENTAILMENT
6815,ENTAILMENT
6817,ENTAILMENT
6818,ENTAILMENT
6820,ENTAILMENT
6821,NEUTRAL
6823,NEUTRAL
6826,NEUTRAL
6827,CONTRADICTION
6828,NEUTRAL
6829,NEUTRAL
6831,NEUTRAL
6832,ENTAILMENT
6835,CONTRADICTION
6836,ENTAILMENT
6837,CONTRADICTION
6838,NEUTRAL
6839,CONTRADICTION
6841,NEUTRAL
6842,NEUTRAL
6844,ENTAILMENT
6846,NEUTRAL
6848,ENTAILMENT
6850,ENTAILMENT
6852,NEUTRAL
6853,NEUTRAL
6854,NEUTRAL
6856,NEUTRAL
6858,ENTAILMENT
6859,NEUTRAL
6860,ENTAILMENT
6861,NEUTRAL
6864,CONTRADICTION
6867,ENTAILMENT
6871,NEUTRAL
6872,NEUTRAL
6873,NEUTRAL
6874,NEUTRAL
6876,NEUTRAL
6878,ENTAILMENT
6881,ENTAILMENT
6882,NEUTRAL
6883,NEUTRAL
6886,NEUTRAL
6888,NEUTRAL
6889,NEUTRAL
6891,NEUTRAL
6892,NEUTRAL
6893,NEUTRAL
6895,NEUTRAL
6898,CONTRADICTION
6900,CONTRADICTION
6904,CONTRADICTION
6906,NEUTRAL
6908,NEUTRAL
6909,CONTRADICTION
6910,NEUTRAL
6911,CONTRADICTION
6915,NEUTRAL
6916,NEUTRAL
6917,NEUTRAL
6925,NEUTRAL
6926,ENTAILMENT
6928,NEUTRAL
6929,NEUTRAL
6930,NEUTRAL
6933,CONTRADICTION
6935,NEUTRAL
6936,NEUTRAL
6937,NEUTRAL
6938,NEUTRAL
6939,NEUTRAL
6941,NEUTRAL
6943,NEUTRAL
6944,NEUTRAL
6949,NEUTRAL
6951,ENTAILMENT
6952,NEUTRAL
6953,NEUTRAL
6954,ENTAILMENT
6956,NEUTRAL
6959,ENTAILMENT
6960,NEUTRAL
6962,ENTAILMENT
6963,ENTAILMENT
6965,ENTAILMENT
6967,ENTAILMENT
6972,ENTAILMENT
6973,NEUTRAL
6976,NEUTRAL
6977,NEUTRAL
6984,NEUTRAL
6985,ENTAILMENT
6986,NEUTRAL
6988,NEUTRAL
6989,NEUTRAL
6990,NEUTRAL
6999,NEUTRAL
7003,NEUTRAL
7010,NEUTRAL
7011,CONTRADICTION
7012,NEUTRAL
7014,NEUTRAL
7015,NEUTRAL
7017,NEUTRAL
7023,NEUTRAL
7024,NEUTRAL
7029,NEUTRAL
7030,ENTAILMENT
7031,CONTRADICTION
7032,ENTAILMENT
7033,CONTRADICTION
7034,ENTAILMENT
7036,ENTAILMENT
7037,NEUTRAL
7038,NEUTRAL
7039,NEUTRAL
7041,NEUTRAL
7042,NEUTRAL
7046,ENTAILMENT
7047,CONTRADICTION
7048,NEUTRAL
7049,NEUTRAL
7050,NEUTRAL
7051,CONTRADICTION
7052,NEUTRAL
7053,CONTRADICTION
7055,ENTAILMENT
7057,ENTAILMENT
7059,ENTAILMENT
7062,NEUTRAL
7065,NEUTRAL
7067,NEUTRAL
7068,ENTAILMENT
7069,NEUTRAL
7071,NEUTRAL
7072,NEUTRAL
7073,NEUTRAL
7075,NEUTRAL
7076,CONTRADICTION
7078,CONTRADICTION
7079,NEUTRAL
7080,NEUTRAL
7089,ENTAILMENT
7091,ENTAILMENT
7095,ENTAILMENT
7096,ENTAILMENT
7097,ENTAILMENT
7098,ENTAILMENT
7102,NEUTRAL
7106,NEUTRAL
7107,NEUTRAL
7109,NEUTRAL
7111,CONTRADICTION
7112,NEUTRAL
7113,ENTAILMENT
7114,CONTRADICTION
7115,ENTAILMENT
7117,ENTAILMENT
7122,NEUTRAL
7128,ENTAILMENT
7129,NEUTRAL
7130,ENTAILMENT
7131,NEUTRAL
7132,NEUTRAL
7134,NEUTRAL
7135,NEUTRAL
7136,NEUTRAL
7137,NEUTRAL
7140,NEUTRAL
7141,NEUTRAL
7142,NEUTRAL
7146,NEUTRAL
7147,ENTAILMENT
7148,NEUTRAL
7149,NEUTRAL
7151,NEUTRAL
7152,NEUTRAL
7154,CONTRADICTION
7157,ENTAILMENT
7158,CONTRADICTION
7159,ENTAILMENT
7160,CONTRADICTION
7162,ENTAILMENT
7163,CONTRADICTION
7167,ENTAILMENT
7168,CONTRADICTION
7169,ENTAILMENT
7170,CONTRADICTION
7171,ENTAILMENT
7172,ENTAILMENT
7173,NEUTRAL
7174,NEUTRAL
7175,ENTAILMENT
7176,CONTRADICTION
7177,NEUTRAL
7178,CONTRADICTION
7179,NEUTRAL
7180,NEUTRAL
7181,NEUTRAL
7182,NEUTRAL
7183,NEUTRAL
7184,NEUTRAL
7187,NEUTRAL
7188,NEUTRAL
7190,NEUTRAL
7191,NEUTRAL
7192,NEUTRAL
7193,NEUTRAL
7194,CONTRADICTION
7195,NEUTRAL
7197,NEUTRAL
7198,NEUTRAL
7199,NEUTRAL
7201,NEUTRAL
7202,ENTAILMENT
7203,NEUTRAL
7206,NEUTRAL
7207,NEUTRAL
7212,NEUTRAL
7215,NEUTRAL
7216,NEUTRAL
7220,NEUTRAL
7223,ENTAILMENT
7225,ENTAILMENT
7227,ENTAILMENT
7231,NEUTRAL
7232,NEUTRAL
7233,NEUTRAL
7236,NEUTRAL
7238,NEUTRAL
7243,NEUTRAL
7244,NEUTRAL
7245,NEUTRAL
7247,ENTAILMENT
7248,NEUTRAL
7249,NEUTRAL
7250,NEUTRAL
7251,NEUTRAL
7253,ENTAILMENT
7254,ENTAILMENT
7255,NEUTRAL
7256,NEUTRAL
7257,ENTAILMENT
7258,CONTRADICTION
7259,NEUTRAL
7260,NEUTRAL
7261,NEUTRAL
7263,NEUTRAL
7264,NEUTRAL
7265,NEUTRAL
7266,ENTAILMENT
7272,ENTAILMENT
7273,CONTRADICTION
7275,ENTAILMENT
7278,CONTRADICTION
7279,ENTAILMENT
7282,CONTRADICTION
7283,NEUTRAL
7284,NEUTRAL
7285,NEUTRAL
7286,NEUTRAL
7288,ENTAILMENT
7289,NEUTRAL
7290,NEUTRAL
7295,NEUTRAL
7296,NEUTRAL
7297,NEUTRAL
7299,NEUTRAL
7301,NEUTRAL
7303,NEUTRAL
7305,CONTRADICTION
7307,ENTAILMENT
7308,NEUTRAL
7310,CONTRADICTION
7312,NEUTRAL
7317,NEUTRAL
7318,CONTRADICTION
7321,ENTAILMENT
7323,ENTAILMENT
7324,NEUTRAL
7325,NEUTRAL
7326,NEUTRAL
7327,NEUTRAL
7328,NEUTRAL
7329,NEUTRAL
7330,NEUTRAL
7331,NEUTRAL
7333,NEUTRAL
7336,CONTRADICTION
7337,NEUTRAL
7338,NEUTRAL
7339,NEUTRAL
7341,ENTAILMENT
7342,NEUTRAL
7345,NEUTRAL
7348,NEUTRAL
7351,NEUTRAL
7354,NEUTRAL
7355,NEUTRAL
7357,NEUTRAL
7360,NEUTRAL
7361,NEUTRAL
7366,NEUTRAL
7369,ENTAILMENT
7373,NEUTRAL
7376,NEUTRAL
7377,NEUTRAL
7378,NEUTRAL
7379,NEUTRAL
7380,CONTRADICTION
7382,NEUTRAL
7384,NEUTRAL
7385,NEUTRAL
7387,ENTAILMENT
7393,ENTAILMENT
7395,NEUTRAL
7396,NEUTRAL
7400,NEUTRAL
7401,NEUTRAL
7403,NEUTRAL
7405,NEUTRAL
7406,NEUTRAL
7407,NEUTRAL
7408,NEUTRAL
7409,NEUTRAL
7412,NEUTRAL
7413,NEUTRAL
7415,ENTAILMENT
7421,CONTRADICTION
7424,NEUTRAL
7425,NEUTRAL
7426,NEUTRAL
7429,CONTRADICTION
7430,NEUTRAL
7431,NEUTRAL
7433,NEUTRAL
7435,NEUTRAL
7436,NEUTRAL
7439,ENTAILMENT
7440,NEUTRAL
7442,NEUTRAL
7443,NEUTRAL
7447,ENTAILMENT
7449,CONTRADICTION
7450,NEUTRAL
7453,NEUTRAL
7456,NEUTRAL
7458,CONTRADICTION
7460,ENTAILMENT
7463,NEUTRAL
7465,NEUTRAL
7467,CONTRADICTION
7469,NEUTRAL
7473,ENTAILMENT
7478,NEUTRAL
7480,ENTAILMENT
7482,NEUTRAL
7484,CONTRADICTION
7488,NEUTRAL
7489,NEUTRAL
7490,NEUTRAL
7494,NEUTRAL
7495,NEUTRAL
7498,NEUTRAL
7500,NEUTRAL
7502,NEUTRAL
7510,ENTAILMENT
7512,ENTAILMENT
7513,NEUTRAL
7514,ENTAILMENT
7515,ENTAILMENT
7517,NEUTRAL
7518,NEUTRAL
7519,NEUTRAL
7520,CONTRADICTION
7521,ENTAILMENT
7523,NEUTRAL
7524,NEUTRAL
7528,NEUTRAL
7529,NEUTRAL
7530,NEUTRAL
7531,NEUTRAL
7535,NEUTRAL
7536,NEUTRAL
7538,NEUTRAL
7540,NEUTRAL
7552,ENTAILMENT
7555,NEUTRAL
7560,NEUTRAL
7562,NEUTRAL
7565,NEUTRAL
7566,NEUTRAL
7568,ENTAILMENT
7570,ENTAILMENT
7571,CONTRADICTION
7574,ENTAILMENT
7575,ENTAILMENT
7578,NEUTRAL
7579,NEUTRAL
7584,NEUTRAL
7585,NEUTRAL
7586,NEUTRAL
7589,NEUTRAL
7591,CONTRADICTION
7592,NEUTRAL
7593,CONTRADICTION
7595,NEUTRAL
7596,NEUTRAL
7597,NEUTRAL
7598,ENTAILMENT
7600,ENTAILMENT
7601,NEUTRAL
7602,NEUTRAL
7604,NEUTRAL
7605,NEUTRAL
7607,NEUTRAL
7610,NEUTRAL
7614,NEUTRAL
7615,NEUTRAL
7617,NEUTRAL
7620,NEUTRAL
7621,NEUTRAL
7623,CONTRADICTION
7624,NEUTRAL
7626,NEUTRAL
7627,CONTRADICTION
7628,NEUTRAL
7631,NEUTRAL
7632,NEUTRAL
7633,CONTRADICTION
7635,ENTAILMENT
7637,ENTAILMENT
7640,ENTAILMENT
7644,CONTRADICTION
7645,ENTAILMENT
7646,NEUTRAL
7650,ENTAILMENT
7655,NEUTRAL
7656,NEUTRAL
7661,NEUTRAL
7663,NEUTRAL
7664,NEUTRAL
7671,NEUTRAL
7673,CONTRADICTION
7674,ENTAILMENT
7676,CONTRADICTION
7679,NEUTRAL
7683,CONTRADICTION
7684,NEUTRAL
7685,NEUTRAL
7686,ENTAILMENT
7690,NEUTRAL
7691,ENTAILMENT
7693,CONTRADICTION
7694,ENTAILMENT
7695,NEUTRAL
7696,NEUTRAL
7698,NEUTRAL
7704,NEUTRAL
7705,NEUTRAL
7706,NEUTRAL
7708,ENTAILMENT
7709,CONTRADICTION
7710,ENTAILMENT
7713,ENTAILMENT
7715,ENTAILMENT
7717,NEUTRAL
7721,NEUTRAL
7725,NEUTRAL
7727,NEUTRAL
7730,NEUTRAL
7735,NEUTRAL
7736,NEUTRAL
7737,NEUTRAL
7738,NEUTRAL
7745,NEUTRAL
7748,NEUTRAL
7749,NEUTRAL
7750,ENTAILMENT
7756,NEUTRAL
7758,CONTRADICTION
7759,NEUTRAL
7761,NEUTRAL
7762,NEUTRAL
7765,NEUTRAL
7766,ENTAILMENT
7767,NEUTRAL
7770,NEUTRAL
7773,ENTAILMENT
7774,ENTAILMENT
7775,CONTRADICTION
7783,NEUTRAL
7786,NEUTRAL
7788,NEUTRAL
7789,NEUTRAL
7791,NEUTRAL
7796,CONTRADICTION
7797,NEUTRAL
7799,NEUTRAL
7800,NEUTRAL
7801,NEUTRAL
7802,CONTRADICTION
7803,NEUTRAL
7806,NEUTRAL
7809,CONTRADICTION
7812,NEUTRAL
7814,NEUTRAL
7815,NEUTRAL
7816,NEUTRAL
7818,NEUTRAL
7824,NEUTRAL
7825,NEUTRAL
7826,NEUTRAL
7827,ENTAILMENT
7828,NEUTRAL
7829,NEUTRAL
7830,NEUTRAL
7831,ENTAILMENT
7832,ENTAILMENT
7833,ENTAILMENT
7835,ENTAILMENT
7837,ENTAILMENT
7840,NEUTRAL
7842,NEUTRAL
7843,CONTRADICTION
7845,NEUTRAL
7846,NEUTRAL
7848,NEUTRAL
7850,CONTRADICTION
7852,CONTRADICTION
7853,ENTAILMENT
7854,NEUTRAL
7855,ENTAILMENT
7856,CONTRADICTION
7857,ENTAILMENT
7858,NEUTRAL
7860,NEUTRAL
7862,NEUTRAL
7863,CONTRADICTION
7865,NEUTRAL
7870,ENTAILMENT
7871,NEUTRAL
7873,NEUTRAL
7874,ENTAILMENT
7879,CONTRADICTION
7880,NEUTRAL
7882,NEUTRAL
7883,ENTAILMENT
7885,CONTRADICTION
7886,ENTAILMENT
7894,NEUTRAL
7895,NEUTRAL
7897,NEUTRAL
7901,ENTAILMENT
7904,NEUTRAL
7905,ENTAILMENT
7907,NEUTRAL
7908,NEUTRAL
7910,NEUTRAL
7911,NEUTRAL
7913,CONTRADICTION
7914,NEUTRAL
7915,NEUTRAL
7916,NEUTRAL
7918,ENTAILMENT
7919,CONTRADICTION
7920,NEUTRAL
7922,ENTAILMENT
7924,ENTAILMENT
7928,NEUTRAL
7929,NEUTRAL
7930,CONTRADICTION
7931,NEUTRAL
7941,CONTRADICTION
7942,NEUTRAL
7943,NEUTRAL
7944,NEUTRAL
7945,NEUTRAL
7948,CONTRADICTION
7952,NEUTRAL
7955,CONTRADICTION
7956,NEUTRAL
7958,NEUTRAL
7960,NEUTRAL
7961,NEUTRAL
7962,NEUTRAL
7965,NEUTRAL
7968,NEUTRAL
7969,NEUTRAL
7970,NEUTRAL
7974,NEUTRAL
7975,NEUTRAL
7978,NEUTRAL
7979,ENTAILMENT
7982,NEUTRAL
7983,NEUTRAL
7984,NEUTRAL
7988,NEUTRAL
7991,NEUTRAL
7992,NEUTRAL
7994,NEUTRAL
8000,ENTAILMENT
8001,NEUTRAL
8003,NEUTRAL
8004,NEUTRAL
8007,NEUTRAL
8008,CONTRADICTION
8009,NEUTRAL
8011,ENTAILMENT
8013,CONTRADICTION
8015,CONTRADICTION
8016,ENTAILMENT
8017,NEUTRAL
8019,NEUTRAL
8020,NEUTRAL
8022,NEUTRAL
8023,NEUTRAL
8026,NEUTRAL
8027,NEUTRAL
8030,NEUTRAL
8033,NEUTRAL
8034,NEUTRAL
8035,CONTRADICTION
8036,NEUTRAL
8042,ENTAILMENT
8043,ENTAILMENT
8045,ENTAILMENT
8046,NEUTRAL
8048,NEUTRAL
8051,NEUTRAL
8052,NEUTRAL
8053,NEUTRAL
8054,NEUTRAL
8056,NEUTRAL
8061,NEUTRAL
8062,NEUTRAL
8063,NEUTRAL
8066,NEUTRAL
8070,NEUTRAL
8074,NEUTRAL
8075,NEUTRAL
8078,NEUTRAL
8080,ENTAILMENT
8081,NEUTRAL
8082,NEUTRAL
8083,NEUTRAL
8085,NEUTRAL
8086,NEUTRAL
8087,ENTAILMENT
8088,NEUTRAL
8097,NEUTRAL
8098,NEUTRAL
8099,NEUTRAL
8100,NEUTRAL
8101,NEUTRAL
8102,NEUTRAL
8103,NEUTRAL
8106,NEUTRAL
8107,NEUTRAL
8111,NEUTRAL
8113,NEUTRAL
8114,CONTRADICTION
8115,NEUTRAL
8116,NEUTRAL
8117,NEUTRAL
8118,NEUTRAL
8123,NEUTRAL
8125,NEUTRAL
8128,NEUTRAL
8131,NEUTRAL
8132,NEUTRAL
8133,ENTAILMENT
8135,NEUTRAL
8139,NEUTRAL
8140,ENTAILMENT
8142,NEUTRAL
8144,NEUTRAL
8146,NEUTRAL
8148,ENTAILMENT
8149,NEUTRAL
8150,NEUTRAL
8151,NEUTRAL
8153,NEUTRAL
8154,NEUTRAL
8160,NEUTRAL
8164,ENTAILMENT
8166,ENTAILMENT
8167,ENTAILMENT
8169,NEUTRAL
8170,NEUTRAL
8171,ENTAILMENT
8172,ENTAILMENT
8174,NEUTRAL
8176,NEUTRAL
8178,NEUTRAL
8181,NEUTRAL
8182,NEUTRAL
8183,NEUTRAL
8185,ENTAILMENT
8188,NEUTRAL
8197,ENTAILMENT
8198,ENTAILMENT
8202,NEUTRAL
8203,NEUTRAL
8204,NEUTRAL
8205,NEUTRAL
8207,NEUTRAL
8208,NEUTRAL
8209,NEUTRAL
8214,NEUTRAL
8218,NEUTRAL
8221,ENTAILMENT
8222,ENTAILMENT
8224,NEUTRAL
8226,NEUTRAL
8229,NEUTRAL
8231,ENTAILMENT
8232,ENTAILMENT
8234,ENTAILMENT
8235,NEUTRAL
8236,NEUTRAL
8237,NEUTRAL
8238,NEUTRAL
8239,NEUTRAL
8240,NEUTRAL
8241,NEUTRAL
8242,NEUTRAL
8243,NEUTRAL
8244,NEUTRAL
8245,NEUTRAL
8250,NEUTRAL
8252,NEUTRAL
8253,ENTAILMENT
8254,ENTAILMENT
8255,NEUTRAL
8256,NEUTRAL
8257,NEUTRAL
8259,ENTAILMENT
8260,NEUTRAL
8261,NEUTRAL
8262,ENTAILMENT
8265,ENTAILMENT
8268,NEUTRAL
8270,NEUTRAL
8271,NEUTRAL
8273,NEUTRAL
8275,NEUTRAL
8278,NEUTRAL
8279,NEUTRAL
8280,NEUTRAL
8284,NEUTRAL
8286,ENTAILMENT
8287,NEUTRAL
8290,CONTRADICTION
8291,NEUTRAL
8292,NEUTRAL
8293,NEUTRAL
8295,NEUTRAL
8297,NEUTRAL
8298,NEUTRAL
8299,NEUTRAL
8301,NEUTRAL
8302,NEUTRAL
8303,NEUTRAL
8308,CONTRADICTION
8309,NEUTRAL
8310,NEUTRAL
8311,NEUTRAL
8315,ENTAILMENT
8318,NEUTRAL
8319,NEUTRAL
8320,NEUTRAL
8322,NEUTRAL
8324,ENTAILMENT
8332,NEUTRAL
8337,ENTAILMENT
8341,NEUTRAL
8342,NEUTRAL
8344,CONTRADICTION
8346,ENTAILMENT
8348,ENTAILMENT
8350,CONTRADICTION
8353,NEUTRAL
8354,NEUTRAL
8357,NEUTRAL
8359,NEUTRAL
8361,NEUTRAL
8364,NEUTRAL
8365,ENTAILMENT
8369,NEUTRAL
8370,ENTAILMENT
8371,CONTRADICTION
8372,NEUTRAL
8373,NEUTRAL
8378,NEUTRAL
8380,NEUTRAL
8382,ENTAILMENT
8385,ENTAILMENT
8386,NEUTRAL
8387,NEUTRAL
8390,NEUTRAL
8391,NEUTRAL
8392,NEUTRAL
8393,NEUTRAL
8394,NEUTRAL
8395,NEUTRAL
8397,NEUTRAL
8399,ENTAILMENT
8401,ENTAILMENT
8402,CONTRADICTION
8403,ENTAILMENT
8405,ENTAILMENT
8408,ENTAILMENT
8410,ENTAILMENT
8411,ENTAILMENT
8413,ENTAILMENT
8414,ENTAILMENT
8415,NEUTRAL
8416,NEUTRAL
8418,NEUTRAL
8420,NEUTRAL
8422,NEUTRAL
8423,NEUTRAL
8427,CONTRADICTION
8428,NEUTRAL
8429,CONTRADICTION
8432,NEUTRAL
8433,NEUTRAL
8436,NEUTRAL
8438,NEUTRAL
8439,NEUTRAL
8440,CONTRADICTION
8442,NEUTRAL
8443,NEUTRAL
8445,NEUTRAL
8447,NEUTRAL
8448,NEUTRAL
8450,ENTAILMENT
8454,NEUTRAL
8463,ENTAILMENT
8464,ENTAILMENT
8465,NEUTRAL
8466,NEUTRAL
8467,CONTRADICTION
8468,ENTAILMENT
8472,NEUTRAL
8473,NEUTRAL
8477,NEUTRAL
8478,ENTAILMENT
8480,NEUTRAL
8485,NEUTRAL
8487,NEUTRAL
8488,NEUTRAL
8491,ENTAILMENT
8495,NEUTRAL
8496,NEUTRAL
8497,CONTRADICTION
8498,NEUTRAL
8499,CONTRADICTION
8503,CONTRADICTION
8508,NEUTRAL
8509,NEUTRAL
8510,NEUTRAL
8513,NEUTRAL
8515,ENTAILMENT
8518,NEUTRAL
8519,ENTAILMENT
8522,ENTAILMENT
8523,NEUTRAL
8526,NEUTRAL
8527,NEUTRAL
8531,NEUTRAL
8533,NEUTRAL
8534,NEUTRAL
8535,NEUTRAL
8539,NEUTRAL
8540,NEUTRAL
8542,NEUTRAL
8544,NEUTRAL
8545,NEUTRAL
8546,NEUTRAL
8547,NEUTRAL
8549,NEUTRAL
8550,NEUTRAL
8552,NEUTRAL
8553,NEUTRAL
8554,NEUTRAL
8556,NEUTRAL
8557,ENTAILMENT
8559,NEUTRAL
8560,NEUTRAL
8565,NEUTRAL
8568,NEUTRAL
8570,NEUTRAL
8573,ENTAILMENT
8575,NEUTRAL
8577,NEUTRAL
8579,NEUTRAL
8580,NEUTRAL
8583,NEUTRAL
8585,NEUTRAL
8587,NEUTRAL
8591,NEUTRAL
8592,NEUTRAL
8595,NEUTRAL
8599,NEUTRAL
8602,NEUTRAL
8603,NEUTRAL
8604,ENTAILMENT
8605,ENTAILMENT
8612,ENTAILMENT
8615,NEUTRAL
8616,NEUTRAL
8617,NEUTRAL
8619,ENTAILMENT
8621,NEUTRAL
8623,NEUTRAL
8625,NEUTRAL
8628,ENTAILMENT
8634,NEUTRAL
8638,NEUTRAL
8640,NEUTRAL
8641,NEUTRAL
8642,NEUTRAL
8643,NEUTRAL
8644,NEUTRAL
8648,NEUTRAL
8650,NEUTRAL
8652,CONTRADICTION
8653,NEUTRAL
8654,NEUTRAL
8655,ENTAILMENT
8659,NEUTRAL
8661,NEUTRAL
8662,NEUTRAL
8666,ENTAILMENT
8667,NEUTRAL
8670,NEUTRAL
8671,NEUTRAL
8672,NEUTRAL
8673,ENTAILMENT
8677,NEUTRAL
8681,NEUTRAL
8682,ENTAILMENT
8687,NEUTRAL
8688,NEUTRAL
8693,ENTAILMENT
8694,NEUTRAL
8695,ENTAILMENT
8698,NEUTRAL
8701,NEUTRAL
8703,CONTRADICTION
8704,NEUTRAL
8706,ENTAILMENT
8707,NEUTRAL
8710,ENTAILMENT
8711,ENTAILMENT
8713,NEUTRAL
8715,NEUTRAL
8717,ENTAILMENT
8718,NEUTRAL
8720,NEUTRAL
8721,NEUTRAL
8722,NEUTRAL
8723,NEUTRAL
8725,NEUTRAL
8726,NEUTRAL
8729,NEUTRAL
8730,CONTRADICTION
8731,NEUTRAL
8732,NEUTRAL
8733,CONTRADICTION
8734,NEUTRAL
8735,NEUTRAL
8736,NEUTRAL
8737,NEUTRAL
8740,NEUTRAL
8744,NEUTRAL
8745,NEUTRAL
8747,ENTAILMENT
8752,NEUTRAL
8754,ENTAILMENT
8755,CONTRADICTION
8758,NEUTRAL
8761,NEUTRAL
8762,NEUTRAL
8763,NEUTRAL
8764,NEUTRAL
8765,NEUTRAL
8769,NEUTRAL
8770,NEUTRAL
8771,CONTRADICTION
8772,NEUTRAL
8773,NEUTRAL
8774,ENTAILMENT
8776,NEUTRAL
8778,ENTAILMENT
8780,NEUTRAL
8782,ENTAILMENT
8785,NEUTRAL
8788,NEUTRAL
8789,NEUTRAL
8793,NEUTRAL
8795,ENTAILMENT
8797,ENTAILMENT
8798,CONTRADICTION
8799,ENTAILMENT
8802,ENTAILMENT
8803,ENTAILMENT
8804,NEUTRAL
8807,NEUTRAL
8808,NEUTRAL
8809,NEUTRAL
8810,NEUTRAL
8811,NEUTRAL
8812,ENTAILMENT
8817,ENTAILMENT
8818,NEUTRAL
8819,NEUTRAL
8820,NEUTRAL
8821,NEUTRAL
8824,ENTAILMENT
8825,ENTAILMENT
8826,NEUTRAL
8827,NEUTRAL
8828,ENTAILMENT
8829,ENTAILMENT
8831,NEUTRAL
8833,NEUTRAL
8835,NEUTRAL
8837,NEUTRAL
8839,NEUTRAL
8840,NEUTRAL
8843,NEUTRAL
8845,ENTAILMENT
8847,ENTAILMENT
8849,ENTAILMENT
8850,ENTAILMENT
8851,NEUTRAL
8853,NEUTRAL
8857,NEUTRAL
8860,NEUTRAL
8861,NEUTRAL
8863,CONTRADICTION
8864,NEUTRAL
8865,NEUTRAL
8866,NEUTRAL
8868,NEUTRAL
8870,NEUTRAL
8871,NEUTRAL
8872,NEUTRAL
8874,NEUTRAL
8877,NEUTRAL
8880,NEUTRAL
8881,NEUTRAL
8882,NEUTRAL
8883,NEUTRAL
8884,NEUTRAL
8885,NEUTRAL
8886,NEUTRAL
8887,NEUTRAL
8889,NEUTRAL
8890,NEUTRAL
8891,NEUTRAL
8893,NEUTRAL
8895,NEUTRAL
8896,NEUTRAL
8897,NEUTRAL
8898,NEUTRAL
8899,CONTRADICTION
8900,ENTAILMENT
8904,ENTAILMENT
8905,ENTAILMENT
8906,ENTAILMENT
8909,ENTAILMENT
8910,NEUTRAL
8911,ENTAILMENT
8912,NEUTRAL
8919,NEUTRAL
8920,NEUTRAL
8921,ENTAILMENT
8922,ENTAILMENT
8923,NEUTRAL
8925,ENTAILMENT
8927,NEUTRAL
8928,NEUTRAL
8929,ENTAILMENT
8930,NEUTRAL
8931,NEUTRAL
8933,NEUTRAL
8935,NEUTRAL
8939,NEUTRAL
8940,NEUTRAL
8946,NEUTRAL
8947,NEUTRAL
8950,NEUTRAL
8951,NEUTRAL
8953,NEUTRAL
8954,NEUTRAL
8960,NEUTRAL
8962,NEUTRAL
8968,NEUTRAL
8969,CONTRADICTION
8970,NEUTRAL
8971,CONTRADICTION
8974,NEUTRAL
8975,NEUTRAL
8979,NEUTRAL
8981,NEUTRAL
8984,NEUTRAL
8985,CONTRADICTION
8989,NEUTRAL
8990,NEUTRAL
8991,CONTRADICTION
8993,NEUTRAL
8995,NEUTRAL
8997,NEUTRAL
9002,NEUTRAL
9003,NEUTRAL
9004,NEUTRAL
9007,NEUTRAL
9008,ENTAILMENT
9009,NEUTRAL
9010,NEUTRAL
9012,NEUTRAL
9013,NEUTRAL
9016,NEUTRAL
9018,NEUTRAL
9020,NEUTRAL
9022,NEUTRAL
9023,NEUTRAL
9025,NEUTRAL
9026,NEUTRAL
9027,NEUTRAL
9032,NEUTRAL
9034,NEUTRAL
9042,NEUTRAL
9043,NEUTRAL
9047,NEUTRAL
9048,NEUTRAL
9049,NEUTRAL
9052,NEUTRAL
9055,NEUTRAL
9057,NEUTRAL
9059,CONTRADICTION
9060,NEUTRAL
9061,NEUTRAL
9062,ENTAILMENT
9063,NEUTRAL
9064,NEUTRAL
9065,NEUTRAL
9072,NEUTRAL
9076,NEUTRAL
9079,NEUTRAL
9081,NEUTRAL
9082,NEUTRAL
9084,NEUTRAL
9087,NEUTRAL
9088,CONTRADICTION
9089,NEUTRAL
9091,NEUTRAL
9092,NEUTRAL
9100,ENTAILMENT
9104,NEUTRAL
9105,NEUTRAL
9107,NEUTRAL
9111,NEUTRAL
9112,ENTAILMENT
9114,NEUTRAL
9115,CONTRADICTION
9116,NEUTRAL
9118,ENTAILMENT
9119,NEUTRAL
9120,NEUTRAL
9121,NEUTRAL
9122,NEUTRAL
9123,NEUTRAL
9124,NEUTRAL
9128,NEUTRAL
9130,NEUTRAL
9135,NEUTRAL
9138,NEUTRAL
9143,ENTAILMENT
9144,CONTRADICTION
9145,ENTAILMENT
9149,NEUTRAL
9151,NEUTRAL
9152,NEUTRAL
9154,ENTAILMENT
9157,NEUTRAL
9158,NEUTRAL
9162,NEUTRAL
9163,ENTAILMENT
9164,CONTRADICTION
9165,NEUTRAL
9166,NEUTRAL
9168,NEUTRAL
9170,NEUTRAL
9173,NEUTRAL
9174,NEUTRAL
9175,ENTAILMENT
9176,CONTRADICTION
9178,CONTRADICTION
9179,ENTAILMENT
9180,CONTRADICTION
9182,CONTRADICTION
9190,ENTAILMENT
9191,NEUTRAL
9195,ENTAILMENT
9197,ENTAILMENT
9199,ENTAILMENT
9201,NEUTRAL
9202,NEUTRAL
9203,NEUTRAL
9204,NEUTRAL
9205,NEUTRAL
9207,NEUTRAL
9209,NEUTRAL
9210,NEUTRAL
9214,NEUTRAL
9216,NEUTRAL
9217,NEUTRAL
9218,CONTRADICTION
9219,NEUTRAL
9220,ENTAILMENT
9221,ENTAILMENT
9225,CONTRADICTION
9226,ENTAILMENT
9227,NEUTRAL
9228,NEUTRAL
9229,ENTAILMENT
9231,NEUTRAL
9232,NEUTRAL
9234,NEUTRAL
9237,NEUTRAL
9243,ENTAILMENT
9244,ENTAILMENT
9245,ENTAILMENT
9246,ENTAILMENT
9248,NEUTRAL
9251,NEUTRAL
9252,NEUTRAL
9253,NEUTRAL
9256,NEUTRAL
9257,NEUTRAL
9258,NEUTRAL
9260,NEUTRAL
9261,NEUTRAL
9263,NEUTRAL
9265,NEUTRAL
9266,NEUTRAL
9267,NEUTRAL
9268,NEUTRAL
9270,NEUTRAL
9271,NEUTRAL
9276,NEUTRAL
9277,NEUTRAL
9278,NEUTRAL
9279,NEUTRAL
9282,NEUTRAL
9283,NEUTRAL
9286,NEUTRAL
9289,NEUTRAL
9290,ENTAILMENT
9291,NEUTRAL
9294,NEUTRAL
9296,NEUTRAL
9298,NEUTRAL
9301,NEUTRAL
9302,NEUTRAL
9304,CONTRADICTION
9306,NEUTRAL
9310,NEUTRAL
9311,CONTRADICTION
9312,ENTAILMENT
9316,NEUTRAL
9317,CONTRADICTION
9318,NEUTRAL
9320,NEUTRAL
9321,NEUTRAL
9322,NEUTRAL
9324,NEUTRAL
9325,NEUTRAL
9331,NEUTRAL
9332,ENTAILMENT
9333,NEUTRAL
9334,ENTAILMENT
9339,NEUTRAL
9340,NEUTRAL
9341,NEUTRAL
9345,NEUTRAL
9346,NEUTRAL
9347,NEUTRAL
9348,NEUTRAL
9352,NEUTRAL
9353,NEUTRAL
9355,NEUTRAL
9357,NEUTRAL
9358,NEUTRAL
9360,NEUTRAL
9363,NEUTRAL
9364,NEUTRAL
9365,NEUTRAL
9366,NEUTRAL
9372,NEUTRAL
9376,ENTAILMENT
9378,ENTAILMENT
9379,ENTAILMENT
9381,ENTAILMENT
9382,ENTAILMENT
9383,ENTAILMENT
9384,NEUTRAL
9390,NEUTRAL
9392,NEUTRAL
9396,ENTAILMENT
9397,ENTAILMENT
9398,ENTAILMENT
9399,ENTAILMENT
9403,NEUTRAL
9404,NEUTRAL
9405,NEUTRAL
9406,ENTAILMENT
9409,NEUTRAL
9410,ENTAILMENT
9411,NEUTRAL
9415,NEUTRAL
9416,NEUTRAL
9417,NEUTRAL
9418,NEUTRAL
9419,NEUTRAL
9420,ENTAILMENT
9421,ENTAILMENT
9422,NEUTRAL
9428,NEUTRAL
9429,ENTAILMENT
9432,ENTAILMENT
9440,NEUTRAL
9441,NEUTRAL
9443,NEUTRAL
9446,NEUTRAL
9450,NEUTRAL
9454,NEUTRAL
9458,NEUTRAL
9459,NEUTRAL
9460,ENTAILMENT
9463,NEUTRAL
9464,NEUTRAL
9466,ENTAILMENT
9468,ENTAILMENT
9470,NEUTRAL
9472,NEUTRAL
9474,NEUTRAL
9476,NEUTRAL
9477,NEUTRAL
9478,ENTAILMENT
9479,NEUTRAL
9480,NEUTRAL
9481,NEUTRAL
9483,NEUTRAL
9484,NEUTRAL
9485,ENTAILMENT
9486,CONTRADICTION
9487,ENTAILMENT
9491,ENTAILMENT
9494,ENTAILMENT
9498,NEUTRAL
9501,NEUTRAL
9503,NEUTRAL
9505,NEUTRAL
9507,NEUTRAL
9508,NEUTRAL
9509,NEUTRAL
9511,NEUTRAL
9513,NEUTRAL
9514,NEUTRAL
9518,NEUTRAL
9519,NEUTRAL
9520,NEUTRAL
9521,NEUTRAL
9522,NEUTRAL
9523,NEUTRAL
9527,NEUTRAL
9528,NEUTRAL
9533,NEUTRAL
9534,NEUTRAL
9536,NEUTRAL
9539,ENTAILMENT
9543,ENTAILMENT
9546,CONTRADICTION
9547,ENTAILMENT
9548,NEUTRAL
9550,NEUTRAL
9552,ENTAILMENT
9553,ENTAILMENT
9559,ENTAILMENT
9560,ENTAILMENT
9564,CONTRADICTION
9566,NEUTRAL
9568,NEUTRAL
9573,NEUTRAL
9575,NEUTRAL
9582,NEUTRAL
9585,NEUTRAL
9586,NEUTRAL
9587,NEUTRAL
9588,NEUTRAL
9589,NEUTRAL
9590,NEUTRAL
9595,NEUTRAL
9596,NEUTRAL
9597,NEUTRAL
9598,NEUTRAL
9601,NEUTRAL
9603,NEUTRAL
9606,NEUTRAL
9608,NEUTRAL
9611,NEUTRAL
9612,ENTAILMENT
9613,NEUTRAL
9614,NEUTRAL
9618,CONTRADICTION
9619,NEUTRAL
9620,NEUTRAL
9621,NEUTRAL
9622,NEUTRAL
9625,ENTAILMENT
9626,NEUTRAL
9628,NEUTRAL
9629,NEUTRAL
9630,NEUTRAL
9633,ENTAILMENT
9634,NEUTRAL
9637,NEUTRAL
9640,NEUTRAL
9642,NEUTRAL
9647,NEUTRAL
9648,NEUTRAL
9649,NEUTRAL
9652,NEUTRAL
9654,NEUTRAL
9655,ENTAILMENT
9658,ENTAILMENT
9660,ENTAILMENT
9661,NEUTRAL
9663,ENTAILMENT
9664,NEUTRAL
9670,NEUTRAL
9671,NEUTRAL
9672,NEUTRAL
9673,NEUTRAL
9674,NEUTRAL
9679,ENTAILMENT
9681,NEUTRAL
9682,ENTAILMENT
9683,ENTAILMENT
9685,NEUTRAL
9686,ENTAILMENT
9688,NEUTRAL
9690,NEUTRAL
9693,NEUTRAL
9696,NEUTRAL
9705,NEUTRAL
9707,NEUTRAL
9711,NEUTRAL
9712,NEUTRAL
9714,NEUTRAL
9716,NEUTRAL
9724,NEUTRAL
9725,NEUTRAL
9727,NEUTRAL
9728,NEUTRAL
9729,ENTAILMENT
9732,NEUTRAL
9734,ENTAILMENT
9735,ENTAILMENT
9737,ENTAILMENT
9739,NEUTRAL
9740,ENTAILMENT
9741,ENTAILMENT
9742,NEUTRAL
9743,ENTAILMENT
9750,NEUTRAL
9751,NEUTRAL
9754,NEUTRAL
9755,NEUTRAL
9756,NEUTRAL
9761,NEUTRAL
9762,CONTRADICTION
9767,NEUTRAL
9768,NEUTRAL
9772,NEUTRAL
9775,ENTAILMENT
9777,NEUTRAL
9779,NEUTRAL
9781,NEUTRAL
9782,NEUTRAL
9783,CONTRADICTION
9785,NEUTRAL
9787,NEUTRAL
9790,NEUTRAL
9791,NEUTRAL
9792,NEUTRAL
9793,ENTAILMENT
9794,NEUTRAL
9796,NEUTRAL
9797,NEUTRAL
9798,ENTAILMENT
9802,NEUTRAL
9804,NEUTRAL
9807,ENTAILMENT
9808,ENTAILMENT
9809,CONTRADICTION
9810,NEUTRAL
9812,ENTAILMENT
9813,NEUTRAL
9818,NEUTRAL
9819,NEUTRAL
9823,CONTRADICTION
9824,NEUTRAL
9826,NEUTRAL
9828,ENTAILMENT
9830,CONTRADICTION
9831,NEUTRAL
9832,NEUTRAL
9833,NEUTRAL
9834,NEUTRAL
9835,NEUTRAL
9837,NEUTRAL
9842,NEUTRAL
9845,NEUTRAL
9848,NEUTRAL
9849,NEUTRAL
9850,NEUTRAL
9852,NEUTRAL
9854,CONTRADICTION
9855,NEUTRAL
9857,CONTRADICTION
9858,NEUTRAL
9861,ENTAILMENT
9862,ENTAILMENT
9865,CONTRADICTION
9866,ENTAILMENT
9867,NEUTRAL
9871,NEUTRAL
9872,CONTRADICTION
9873,NEUTRAL
9881,NEUTRAL
9883,ENTAILMENT
9887,NEUTRAL
9888,ENTAILMENT
9890,NEUTRAL
9891,CONTRADICTION
9892,NEUTRAL
9894,NEUTRAL
9896,NEUTRAL
9898,NEUTRAL
9899,CONTRADICTION
9901,NEUTRAL
9902,NEUTRAL
9906,NEUTRAL
9908,NEUTRAL
9909,NEUTRAL
9910,NEUTRAL
9913,ENTAILMENT
9917,NEUTRAL
9918,CONTRADICTION
9920,NEUTRAL
9923,NEUTRAL
9924,CONTRADICTION
9925,NEUTRAL
9928,NEUTRAL
9929,NEUTRAL
9930,NEUTRAL
9932,ENTAILMENT
9933,NEUTRAL
9937,NEUTRAL
9941,CONTRADICTION
9944,ENTAILMENT
9945,NEUTRAL
9946,NEUTRAL
9950,NEUTRAL
9952,NEUTRAL
9953,NEUTRAL
9954,NEUTRAL
9956,NEUTRAL
9957,NEUTRAL
9958,NEUTRAL
9959,NEUTRAL
9961,NEUTRAL
9962,ENTAILMENT
9964,NEUTRAL
9965,CONTRADICTION
9966,ENTAILMENT
9969,ENTAILMENT
9970,NEUTRAL
9971,NEUTRAL
9972,CONTRADICTION
9977,NEUTRAL
9978,ENTAILMENT
9979,NEUTRAL
9986,NEUTRAL
9987,NEUTRAL
9989,CONTRADICTION
9990,ENTAILMENT
9991,CONTRADICTION
9992,NEUTRAL
9994,NEUTRAL
9995,NEUTRAL
9996,NEUTRAL
